event_rank,OBJECT_NAME,NORAD_CAT_ID,event_number,coarse_tca,coarse_distance_km,refined_tca,refined_distance_km,relative_speed_km_s
1,SHERPA-LTC2,53754,1,2026-10-04 21:05:00.741888+00:00,3.7243848581423493,2026-10-04 21:04:51.303672+00:00,1.9892505372541167,0.3338734059015616
2,2024-199AU,61777,21,2026-10-04 13:40:40.741888+00:00,60.43143689857577,2026-10-04 13:40:32.141116+00:00,2.69398936607964,7.019401701341949
3,POLYTECH UNIVERSE-4,61747,21,2026-10-05 10:36:20.741888+00:00,49.89559481957651,2026-10-05 10:36:27.477572+00:00,3.942205563013776,7.384565019141963
4,2025-155K,64885,17,2026-10-04 13:12:40.741888+00:00,76.92809359102516,2026-10-04 13:12:46.342911+00:00,5.414764619802652,13.700667417486246
5,BRO-5,51061,20,2026-10-03 22:18:40.741888+00:00,51.24644053846549,2026-10-03 22:18:37.076409+00:00,11.788906444538883,13.605908946636646
6,SUPERVIEW-1 03,43099,6,2026-10-04 05:19:00.741888+00:00,76.83556681439227,2026-10-04 05:19:06.553287+00:00,12.168408905728478,13.054730238939804
7,BRO-5,51061,19,2026-10-03 21:32:00.741888+00:00,118.53000098357714,2026-10-03 21:32:09.393823+00:00,12.610542879249595,13.622289678759513
8,POLYTECH UNIVERSE-4,61747,20,2026-10-05 09:50:00.741888+00:00,53.3528246018798,2026-10-05 09:49:53.712747+00:00,12.696214918210332,7.372277528137687
9,2024-199AU,61777,22,2026-10-04 14:27:00.741888+00:00,37.63977578316406,2026-10-04 14:27:05.782279+00:00,12.74954627639244,7.026236614016015
10,POLYTECH UNIVERSE-4,61747,22,2026-10-05 11:23:00.741888+00:00,34.9319075720589,2026-10-05 11:22:56.355794+00:00,12.93935725812032,7.397749975373397
11,2024-199AU,61777,20,2026-10-04 12:54:00.741888+00:00,19.26074322042924,2026-10-04 12:54:02.646936+00:00,13.892178055762164,7.003010912425937
12,2025-155K,64885,18,2026-10-04 13:59:20.741888+00:00,77.60258513040728,2026-10-04 13:59:15.163433+00:00,13.95364798958663,13.684474715255867
13,STARLINK-1262,45366,6,2026-10-06 02:33:40.741888+00:00,17.247051995114028,2026-10-06 02:33:39.911405+00:00,14.259288394830094,11.682671741033005
14,2024-205M,61905,6,2026-10-03 12:14:00.741888+00:00,14.670701109273095,2026-10-03 12:14:00.794601+00:00,14.652772775574961,13.755181735551568
15,GHOST-4,59133,6,2026-10-05 03:58:40.741888+00:00,41.541117037229576,2026-10-05 03:58:35.992002+00:00,15.489517700168218,8.11500453435538
16,STARLINK-1954,47555,6,2026-10-03 16:59:00.741888+00:00,18.028001984821223,2026-10-03 16:58:56.158528+00:00,15.646146982411514,1.9538903664189378
17,FLOCK 4BE-14,60517,9,2026-10-04 01:26:40.741888+00:00,37.04750399757239,2026-10-04 01:26:38.176406+00:00,15.768214952192615,13.067453624320207
18,AAGAMAN OBJECT B,100081,5,2026-10-05 14:29:00.741888+00:00,16.454453058639135,2026-10-05 14:29:00.373401+00:00,15.940276784022565,11.075677250746299
19,FLOCK 4BE-7,60481,11,2026-10-03 16:55:00.741888+00:00,101.32623252826204,2026-10-03 16:55:08.300692+00:00,16.542127137457424,13.22537643007786
20,FLOCK 4BE-6,60516,1,2026-10-03 06:04:20.741888+00:00,80.66121015709705,2026-10-03 06:04:14.826152+00:00,16.750969832747163,13.33783799837155
21,FLOCK 4BE-7,60481,10,2026-10-03 16:08:40.741888+00:00,82.7539657966714,2026-10-03 16:08:34.618582+00:00,17.19619393289263,13.219669227000411
22,BRO-5,51061,18,2026-10-03 20:45:40.741888+00:00,19.221669108044495,2026-10-03 20:45:41.222958+00:00,18.069936778295606,13.623025538706163
23,STARLINK-2559,48298,6,2026-10-06 00:02:00.741888+00:00,53.61379570811102,2026-10-06 00:01:52.107330+00:00,18.279326781485924,5.837233502116647
24,TRANSPORTER-12 OBJECT CL,62691,8,2026-10-03 19:15:00.741888+00:00,109.4200310986175,2026-10-03 19:15:09.026605+00:00,18.614176625759796,13.01513649996013
25,BRO-5,51061,17,2026-10-03 19:59:20.741888+00:00,99.94813940739215,2026-10-03 19:59:13.543830+00:00,18.738026696651822,13.639390410777798
26,STARLINK-5046,53892,3,2026-10-04 09:14:00.741888+00:00,21.60539259987375,2026-10-04 09:14:04.724250+00:00,19.444556428017023,2.364792678069537
27,FLOCK 4BE-14,60517,10,2026-10-04 02:13:20.741888+00:00,117.15267480859113,2026-10-04 02:13:11.904598+00:00,19.591849851399548,13.070157926258046
28,PELICAN-3,65315,5,2026-10-03 09:08:00.741888+00:00,32.46040936566294,2026-10-03 09:08:02.550122+00:00,20.85466918732766,13.756442001573287
29,STARLINK-32212,60256,3,2026-10-05 23:13:40.741888+00:00,21.37848151467147,2026-10-05 23:13:39.904447+00:00,21.09158644373001,4.168090256965302
30,STARLINK-4425,53208,5,2026-10-04 15:17:00.741888+00:00,86.51116428633334,2026-10-04 15:16:54.844868+00:00,21.399202488747367,14.214497635356953
31,2024-205N,61906,6,2026-10-05 18:30:20.741888+00:00,53.94653358726006,2026-10-05 18:30:16.834595+00:00,21.486576490811668,12.664238167757565
32,TRANSPORTER-12 OBJECT CL,62691,7,2026-10-03 18:28:40.741888+00:00,53.862517612513685,2026-10-03 18:28:44.524361+00:00,21.622967034394517,13.042187776742438
33,POLYTECH UNIVERSE-4,61747,19,2026-10-05 09:03:20.741888+00:00,37.00465241767657,2026-10-05 09:03:24.814513+00:00,21.704685412555033,7.3591613987353615
34,YAOGAN-36 01C,53947,4,2026-10-03 21:54:40.741888+00:00,33.30690528992331,2026-10-03 21:54:38.214771+00:00,22.423718697157696,9.745343909117349
35,YAOGAN-35 03C,53320,4,2026-10-05 00:09:20.741888+00:00,29.718689583334022,2026-10-05 00:09:15.966643+00:00,23.05951669227276,3.9259501750038335
36,GLOBAL-17,49949,2,2026-10-03 22:04:20.741888+00:00,23.502368778219306,2026-10-03 22:04:20.493586+00:00,23.5000513615792,1.328740579922812
37,2024-199AU,61777,19,2026-10-04 12:07:20.741888+00:00,62.30372800128529,2026-10-04 12:07:28.988110+00:00,23.52369834463783,6.996339085859456
38,ROCK,60474,6,2026-10-04 00:40:00.741888+00:00,32.66130605334853,2026-10-04 00:40:02.450221+00:00,23.761793017770948,13.117141902511202
39,CHUANGXIN 16B (CX-16B),53876,3,2026-10-05 19:35:20.741888+00:00,23.797426035618773,2026-10-05 19:35:20.558106+00:00,23.7881921826435,3.6066539644154205
40,2025-155K,64885,19,2026-10-04 14:45:40.741888+00:00,136.0153115488369,2026-10-04 14:45:50.490281+00:00,24.884839198196957,13.717379157175912
41,SKYSAT-C3,41774,5,2026-10-03 08:50:20.741888+00:00,131.9617817745874,2026-10-03 08:50:29.523414+00:00,25.188373513755636,14.751103533089825
42,AAGAMAN OBJECT B,100081,6,2026-10-05 15:15:20.741888+00:00,96.89300132646265,2026-10-05 15:15:29.177715+00:00,25.796825856144427,11.071501018318472
43,TIANYAN 23,63209,6,2026-10-04 05:20:20.741888+00:00,81.88632478584108,2026-10-04 05:20:14.625775+00:00,25.962347279018466,12.697922726540462
44,STARLINK-30191,57413,5,2026-10-04 19:11:00.741888+00:00,38.46181875860497,2026-10-04 19:10:53.315203+00:00,26.048715507014155,3.8103174054395748
45,BLUEWALKER-3,53807,4,2026-10-04 07:53:40.741888+00:00,42.744104509998316,2026-10-04 07:53:43.891679+00:00,26.8479704464369,10.559462506280582
46,FLOCK 4Q-13,58328,5,2026-10-04 09:13:20.741888+00:00,72.78843360782466,2026-10-04 09:13:15.300590+00:00,26.88109619714555,12.431484686428703
47,2025-155K,64885,20,2026-10-04 15:32:20.741888+00:00,33.37847220380252,2026-10-04 15:32:19.302923+00:00,26.933635505697435,13.701209135432528
48,STARLINK-1263,45405,7,2026-10-05 00:08:00.741888+00:00,63.03762790003831,2026-10-05 00:07:55.044002+00:00,27.001310586639164,9.997162553912307
49,HAMMER,59148,3,2026-10-04 15:35:40.741888+00:00,51.465394893275565,2026-10-04 15:35:46.240770+00:00,27.036467400090174,7.963750853845505
50,2024-199AU,61777,23,2026-10-04 15:13:40.741888+00:00,47.2534107344393,2026-10-04 15:13:35.254921+00:00,27.19607908808555,7.042751765158241
51,COSMOS 2561,54109,5,2026-10-03 09:02:40.741888+00:00,102.46817605374699,2026-10-03 09:02:33.887619+00:00,27.275384962980823,14.410353344682797
52,NAOS,65317,4,2026-10-03 18:25:40.741888+00:00,119.79017755981558,2026-10-03 18:25:49.251556+00:00,27.35617709736359,13.705104440159872
53,STARLINK-1281,45370,9,2026-10-03 17:15:20.741888+00:00,92.38460397331536,2026-10-03 17:15:28.321758+00:00,27.435695191469502,11.638475592905186
54,STARLINK-2448,48111,4,2026-10-03 18:45:00.741888+00:00,100.16788331597307,2026-10-03 18:44:51.896801+00:00,27.691133251922775,10.883504710033709
55,LEMUR-2-JK0903EM1407,58336,5,2026-10-04 05:20:40.741888+00:00,35.77636160181404,2026-10-04 05:20:42.545967+00:00,27.720657886221975,12.536342842977772
56,SCS-01 H,63989,5,2026-10-05 16:09:40.741888+00:00,128.40118467829532,2026-10-05 16:09:50.402325+00:00,27.84870060073184,12.975259882617149
57,SITRO-AIS 11 (SHEFFER),57208,7,2026-10-05 03:45:20.741888+00:00,78.01179467978943,2026-10-05 03:45:26.211781+00:00,28.153640885992044,13.300931461699554
58,STARLINK-1262,45366,7,2026-10-06 03:20:00.741888+00:00,113.77965481198197,2026-10-06 03:20:10.178472+00:00,28.64016215044407,11.669308821927592
59,ASTROCAST 0.1,43798,5,2026-10-03 16:08:20.741888+00:00,58.90212880981689,2026-10-03 16:08:16.894650+00:00,28.963006175736293,13.331536921754036
60,2024-092D,59776,4,2026-10-03 12:25:00.741888+00:00,99.6459765397448,2026-10-03 12:25:10.516443+00:00,29.180377151993024,9.747684515627443
61,POLYITAN-1,40042,6,2026-10-05 12:07:20.741888+00:00,89.00582857399336,2026-10-05 12:07:14.967884+00:00,29.254145071035214,14.558526827262948
62,YAOGAN-43 01A,60458,3,2026-10-03 09:26:00.741888+00:00,36.77734892402028,2026-10-03 09:26:06.218355+00:00,29.261809618583154,4.067792986090041
63,POLYTECH UNIVERSE-4,61747,23,2026-10-05 12:09:20.741888+00:00,75.34420817040831,2026-10-05 12:09:30.103214+00:00,29.409486259805355,7.410211890140358
64,RUNNER-1 (TYVAK-1005),56953,3,2026-10-05 22:34:00.741888+00:00,30.083424155851258,2026-10-05 22:34:00.081118+00:00,29.615701339125774,7.99691361721063
65,LEO EXPRESS 1,58301,4,2026-10-04 20:49:40.741888+00:00,72.33884321499822,2026-10-04 20:49:35.555383+00:00,30.10606673373468,12.682298561544908
66,COSMOS 2561,54109,4,2026-10-03 08:16:00.741888+00:00,135.3253452720284,2026-10-03 08:16:09.886696+00:00,30.450410612317267,14.418824765506034
67,GHGSAT-C8,56186,4,2026-10-03 09:08:20.741888+00:00,54.046165925472835,2026-10-03 09:08:25.575015+00:00,30.493885283009437,9.232467751161284
68,2022-023D,51949,2,2026-10-04 17:59:40.741888+00:00,89.58555732831312,2026-10-04 17:59:47.621292+00:00,30.521015164368904,12.243362426811311
69,STARLINK-2569,48277,3,2026-10-03 11:44:40.741888+00:00,31.09158576353348,2026-10-03 11:44:37.243259+00:00,31.073840108239757,0.2972291376156218
70,2025-155K,64885,15,2026-10-04 11:39:40.741888+00:00,37.099261876591854,2026-10-04 11:39:42.182960+00:00,31.424500277598288,13.683905808630664
71,2023-104A,57424,4,2026-10-04 19:12:20.741888+00:00,53.99589356065255,2026-10-04 19:12:23.935159+00:00,31.54042006630573,13.72458040310234
72,NEONSAT-1,59587,5,2026-10-05 10:45:40.741888+00:00,88.32483631165151,2026-10-05 10:45:47.266228+00:00,31.613658857305236,12.64094900118746
73,NEONSAT-1,59587,4,2026-10-05 09:59:20.741888+00:00,121.63572869828072,2026-10-05 09:59:11.461742+00:00,32.08809654240016,12.642965827319141
74,STARLINK-3326,50844,4,2026-10-06 00:22:00.741888+00:00,114.9429212817957,2026-10-06 00:21:51.628085+00:00,32.13940366640663,12.109030809054044
75,GHOST-4,59133,7,2026-10-05 04:45:00.741888+00:00,76.77090272190677,2026-10-05 04:45:09.312246+00:00,32.48114770820358,8.116668410864234
76,A-SEANSAT-PG1,57197,5,2026-10-03 09:54:00.741888+00:00,44.618693733578496,2026-10-03 09:54:02.920536+00:00,32.88111510693248,13.843640332263979
77,TAIJING-4 03,58823,3,2026-10-05 19:18:40.741888+00:00,101.0932140405031,2026-10-05 19:18:48.769250+00:00,33.12897825790098,11.89822902904179
78,STARLINK-1263,45405,6,2026-10-04 23:21:20.741888+00:00,37.05611877803893,2026-10-04 23:21:22.148792+00:00,34.29281337528336,9.980263715909437
79,2025-155K,64885,16,2026-10-04 12:26:20.741888+00:00,137.34281695687625,2026-10-04 12:26:11.011497+00:00,34.30708010242849,13.667690122533415
80,STARLINK-3141,49459,3,2026-10-05 09:01:00.741888+00:00,39.61956040523431,2026-10-05 09:01:02.497062+00:00,34.52428483358684,11.073790839036453
81,STARLINK-4705,53723,2,2026-10-06 03:41:00.741888+00:00,55.71764933275608,2026-10-06 03:40:55.983312+00:00,34.53075851258995,9.189067501144036
82,NUSAT-35 (WILLIAMINA),55048,8,2026-10-03 19:52:20.741888+00:00,76.09426594982612,2026-10-03 19:52:25.428157+00:00,34.6542279086352,14.456130616461053
83,STARLINK-38034,100026,1,2026-10-03 06:03:20.741888+00:00,55.03341311710221,2026-10-03 06:03:11.599594+00:00,34.664247281772425,4.6753830539540555
84,FLOCK 4G-28,62634,3,2026-10-04 02:13:20.741888+00:00,131.10816783863237,2026-10-04 02:13:11.064082+00:00,35.04158461512589,13.054606543705258
85,STARLINK-2119,47397,5,2026-10-06 00:00:40.741888+00:00,39.09789588054053,2026-10-06 00:00:44.271817+00:00,35.31181320139715,4.754967358990185
86,A-SEANSAT-PG1,57197,6,2026-10-03 10:40:40.741888+00:00,41.83134523117635,2026-10-03 10:40:39.125093+00:00,35.3316931433085,13.851427125590966
87,CS1,49261,4,2026-10-04 11:26:40.741888+00:00,93.20254073547456,2026-10-04 11:26:34.557770+00:00,35.42866826287317,13.939988736599043
88,SIT-HSE,61763,3,2026-10-04 11:22:20.741888+00:00,42.0846983839959,2026-10-04 11:22:23.753223+00:00,35.855159797002585,7.317058699680118
89,SITRO-AIS 11 (SHEFFER),57208,8,2026-10-05 04:32:00.741888+00:00,36.34856111461951,2026-10-05 04:32:00.450936+00:00,36.1418199848674,13.305720581710245
90,SHERPA-FX2 & TAGSAT-2,48958,3,2026-10-06 01:57:20.741888+00:00,39.06891221394969,2026-10-06 01:57:23.105381+00:00,36.290974985901705,6.1215015316047685
91,SKYSAT-C3,41774,6,2026-10-03 09:37:00.741888+00:00,111.2646394678626,2026-10-03 09:36:53.617788+00:00,36.37639252552141,14.759970853319803
92,KANYINI,60556,4,2026-10-04 07:39:40.741888+00:00,117.50233014105306,2026-10-04 07:39:31.942226+00:00,36.4864932634794,12.693104263197698
93,STARLINK-37966,100478,2,2026-10-04 10:05:20.741888+00:00,36.769166844230384,2026-10-04 10:05:21.388426+00:00,36.578452876028464,5.784556781770871
94,STARLINK-1281,45370,8,2026-10-03 16:29:00.741888+00:00,73.57352178877444,2026-10-03 16:28:55.259594+00:00,36.78585372695082,11.622471331267297
95,STARLINK-38414,100618,2,2026-10-03 09:16:40.741888+00:00,84.66301912842599,2026-10-03 09:16:31.800841+00:00,36.924325138445056,8.52099040597107
96,STARLINK-35122,65510,2,2026-10-03 16:49:20.741888+00:00,89.91630107567703,2026-10-03 16:49:29.364177+00:00,37.072253804678866,9.500726056326638
97,STARLINK-34799,65472,2,2026-10-06 03:38:40.741888+00:00,52.78387834869836,2026-10-06 03:38:44.392529+00:00,37.39467562300254,10.204338608421974
98,STARLINK-3301,50169,2,2026-10-04 19:08:40.741888+00:00,42.663012914590325,2026-10-04 19:08:38.628695+00:00,37.39977370470266,9.713942988455766
99,STARLINK-36310,68244,2,2026-10-04 22:17:20.741888+00:00,51.2968700677252,2026-10-04 22:17:25.120957+00:00,37.447595964196985,8.005580133308849
100,STARLINK-37258,68951,2,2026-10-03 16:48:40.741888+00:00,54.63221456326311,2026-10-03 16:48:44.776753+00:00,37.47675378834004,9.851839605476716
101,STARLINK-4018,52697,3,2026-10-05 11:54:00.741888+00:00,54.96975949321924,2026-10-05 11:53:57.389680+00:00,37.49221666792157,11.99187144232224
102,STARLINK-35225,65626,2,2026-10-04 14:34:40.741888+00:00,61.440712030060645,2026-10-04 14:34:33.454387+00:00,37.50899265602678,6.677348577286022
103,STARLINK-37697,100272,2,2026-10-05 10:53:40.741888+00:00,42.449923018278135,2026-10-05 10:53:43.477788+00:00,37.534602240621844,7.247131443998969
104,STARLINK-34582,64781,2,2026-10-03 21:24:00.741888+00:00,43.32216765953468,2026-10-03 21:24:02.698125+00:00,37.54800993314579,11.04615417729683
105,STARLINK-37006,68187,2,2026-10-06 03:40:00.741888+00:00,52.36565737967772,2026-10-06 03:39:56.977337+00:00,37.57381398237599,9.688732549922502
106,STARLINK-4448,53504,3,2026-10-04 00:47:20.741888+00:00,55.94646979799126,2026-10-04 00:47:16.706142+00:00,37.602756959320466,10.264448056525346
107,STARLINK-35126,65503,2,2026-10-05 05:59:40.741888+00:00,79.83014059428773,2026-10-05 05:59:48.279760+00:00,37.61699974074392,9.340999659961613
108,STARLINK-30292,57844,2,2026-10-03 15:18:40.741888+00:00,82.94534852271885,2026-10-03 15:18:31.913048+00:00,37.62036593463461,8.37285984931857
109,STARLINK-3997,52609,2,2026-10-05 23:05:40.741888+00:00,51.51265032175241,2026-10-05 23:05:35.614625+00:00,37.68635829888518,6.849123580849018
110,STARLINK-35402,66079,2,2026-10-03 16:46:20.741888+00:00,51.364561133645,2026-10-03 16:46:17.507437+00:00,37.75227384472621,10.768119534154211
111,2024-199AU,61777,24,2026-10-04 16:00:00.741888+00:00,68.67024953837985,2026-10-04 16:00:08.878321+00:00,37.75796588056079,7.049748032119146
112,STARLINK-35303,65860,2,2026-10-05 19:58:40.741888+00:00,41.74415648151684,2026-10-05 19:58:43.054177+00:00,37.78718549607658,7.671780223782043
113,STARLINK-31321,58887,2,2026-10-04 00:40:00.741888+00:00,46.280879913877065,2026-10-04 00:39:55.612280+00:00,37.789574272774786,5.208338595634269
114,STARLINK-36333,68256,2,2026-10-03 07:35:20.741888+00:00,39.07568175371694,2026-10-03 07:35:19.397066+00:00,37.79179507121057,7.38679802416615
115,STARLINK-4731,53703,2,2026-10-05 10:38:40.741888+00:00,80.28497678666346,2026-10-05 10:38:48.434311+00:00,37.81242453060396,9.206791696665974
116,STARLINK-31093,58717,3,2026-10-05 10:32:20.741888+00:00,68.31021292985909,2026-10-05 10:32:25.722621+00:00,37.82701989443575,11.420039394190942
117,STARLINK-4591,53607,2,2026-10-03 16:47:20.741888+00:00,96.41997843468165,2026-10-03 16:47:29.303485+00:00,37.82704037386361,10.359057582126106
118,STARLINK-31317,58931,2,2026-10-04 03:44:40.741888+00:00,71.81994252153693,2026-10-04 03:44:31.128435+00:00,37.85846760799188,6.348400968944077
119,STARLINK-32267,60363,2,2026-10-04 08:23:20.741888+00:00,64.40374779145701,2026-10-04 08:23:29.195719+00:00,37.90308583903015,6.15905303816355
120,STARLINK-37123,68275,2,2026-10-04 02:12:20.741888+00:00,50.9817427889764,2026-10-04 02:12:26.847366+00:00,37.9507905068987,5.5754282985544155
121,STARLINK-31983,60602,2,2026-10-04 03:44:00.741888+00:00,58.86478989830276,2026-10-04 03:44:07.468883+00:00,37.96179162801391,6.6875633498143925
122,STARLINK-35560,66059,2,2026-10-05 22:58:20.741888+00:00,84.55298438618335,2026-10-05 22:58:13.764416+00:00,38.0936146881363,10.818447314985521
123,TIANYAN 23,63209,7,2026-10-04 06:06:40.741888+00:00,42.17155793319103,2026-10-04 06:06:39.325374+00:00,38.162425858792865,12.669350158072097
124,POLYTECH UNIVERSE-4,61747,18,2026-10-05 08:17:00.741888+00:00,80.90398067142495,2026-10-05 08:16:51.032353+00:00,38.16988063800141,7.347050591781971
125,FLOCK 4Q-9,58322,5,2026-10-06 05:22:40.741888+00:00,69.29031255746544,2026-10-06 05:22:45.588665+00:00,38.188443907530655,11.928989197755946
126,STARLINK-3114,49426,2,2026-10-05 05:56:40.741888+00:00,40.968150701386136,2026-10-05 05:56:39.355078+00:00,38.21209216722419,10.651960630353443
127,POLYTECH UNIVERSE-4,61747,24,2026-10-05 12:56:00.741888+00:00,40.433698833735505,2026-10-05 12:55:58.961657+00:00,38.213117536998,7.423462938846693
128,STARLINK-34248,64928,2,2026-10-04 11:33:00.741888+00:00,40.44285633677957,2026-10-04 11:32:56.061143+00:00,38.26487161279645,2.7965457006103884
129,STARLINK-34637,64776,2,2026-10-05 16:46:00.741888+00:00,75.29344113220942,2026-10-05 16:45:54.849341+00:00,38.29809932662459,11.001227974460791
130,STARLINK-37457,100294,2,2026-10-03 15:32:00.741888+00:00,38.57114530940233,2026-10-03 15:32:00.135838+00:00,38.32209020688851,7.220549551695066
131,STARLINK-37562,69208,2,2026-10-03 18:26:00.741888+00:00,74.07002640208846,2026-10-03 18:26:09.709252+00:00,38.34132568693585,7.067102374066921
132,STARLINK-35661,66387,3,2026-10-06 00:25:40.741888+00:00,40.871227939934585,2026-10-06 00:25:39.552542+00:00,38.355362278659555,11.870463866015816
133,STARLINK-34635,64761,2,2026-10-05 05:55:20.741888+00:00,85.28190190778243,2026-10-05 05:55:27.663445+00:00,38.35948309860643,11.0044111563961
134,TEVEL2-7,63238,2,2026-10-05 15:20:00.741888+00:00,38.42310212123566,2026-10-05 15:20:00.514358+00:00,38.368358670145106,9.010953985407587
135,STARLINK-33757,63720,3,2026-10-04 06:38:00.741888+00:00,48.87172326005953,2026-10-04 06:37:58.166293+00:00,38.39758649108548,11.73837169863024
136,STARLINK-37582,69363,2,2026-10-03 12:17:20.741888+00:00,39.61192067150642,2026-10-03 12:17:22.916396+00:00,38.412644850639744,4.44810392207788
137,STARLINK-30972,58721,2,2026-10-04 23:42:00.741888+00:00,46.67890896845484,2026-10-04 23:41:58.429798+00:00,38.48826667708961,11.423134119828546
138,STARLINK-4139,52879,2,2026-10-04 22:24:20.741888+00:00,40.568741117609015,2026-10-04 22:24:27.095033+00:00,38.498226062808754,2.0130574961650636
139,STARLINK-32241,60437,3,2026-10-05 13:35:20.741888+00:00,46.32616411622858,2026-10-05 13:35:18.576046+00:00,38.55087853682293,11.861017875957849
140,STARLINK-34838,65343,3,2026-10-05 12:00:40.741888+00:00,39.01649573555548,2026-10-05 12:00:41.201104+00:00,38.62457484282324,12.012229983996514
141,STARLINK-35669,66396,3,2026-10-05 02:44:40.741888+00:00,76.94620848210738,2026-10-05 02:44:46.345604+00:00,38.64760545275312,11.873549071378307
142,STARLINK-32855,62813,2,2026-10-04 14:35:00.741888+00:00,44.879088754597184,2026-10-04 14:34:57.146940+00:00,38.653035260501916,6.343427876535968
143,GAOFEN-11 01,43585,2,2026-10-03 06:46:40.741888+00:00,40.84361520437905,2026-10-03 06:46:39.810175+00:00,38.67676284828375,14.088716001598256
144,STARLINK-38347,100621,3,2026-10-04 13:56:00.741888+00:00,60.28022687815143,2026-10-04 13:55:55.451956+00:00,38.7128055381619,8.734915262046206
145,STARLINK-4179,53275,3,2026-10-04 23:36:00.741888+00:00,114.25877680780131,2026-10-04 23:36:09.643403+00:00,38.72116578252226,12.076390955999276
146,STARLINK-35823,66360,2,2026-10-04 12:52:00.741888+00:00,107.73421422012214,2026-10-04 12:51:51.893202+00:00,38.76509934414642,11.35973319807627
147,STARLINK-36112,66944,2,2026-10-05 12:21:20.741888+00:00,39.19483774537786,2026-10-05 12:21:24.134758+00:00,38.826566078204976,1.5787157328924217
148,STARLINK-5242,54173,2,2026-10-06 03:47:40.741888+00:00,38.947039690941374,2026-10-06 03:47:43.544705+00:00,38.835015683418106,1.051501566193905
149,STARLINK-36770,67870,3,2026-10-05 12:00:20.741888+00:00,63.73457580715395,2026-10-05 12:00:16.544259+00:00,38.848806981084714,12.036683771404787
150,STARLINK-35203,65498,2,2026-10-05 16:50:20.741888+00:00,65.26284491542911,2026-10-05 16:50:15.126639+00:00,38.873418115515726,9.335589633609654
151,STARLINK-1281,45370,10,2026-10-03 18:02:00.741888+00:00,52.72987078185806,2026-10-03 18:01:57.679769+00:00,38.90665861165473,11.623056813107963
152,STARLINK-37273,68723,2,2026-10-05 03:03:40.741888+00:00,44.11513428752616,2026-10-05 03:03:31.481222+00:00,38.9277942298888,2.240439382832127
153,STARLINK-31365,58973,2,2026-10-05 18:26:20.741888+00:00,74.97047715453542,2026-10-05 18:26:12.038694+00:00,38.9453328027896,7.360549870027469
154,JILIN-1 GAOFEN 03D49,54694,2,2026-10-04 07:09:20.741888+00:00,39.812154266731824,2026-10-04 07:09:21.926846+00:00,38.990033271877486,6.792516714395954
155,STARLINK-32706,62308,3,2026-10-03 13:30:20.741888+00:00,124.34139665389232,2026-10-03 13:30:10.998498+00:00,39.013329928022905,12.11728423837539
156,ICEYE-X31,58288,3,2026-10-04 06:04:00.741888+00:00,132.25948773565423,2026-10-04 06:03:51.348114+00:00,39.03399310958267,13.452447899284213
157,ASRTU-1 (AO-123),61781,2,2026-10-06 02:51:20.741888+00:00,61.315081194764936,2026-10-06 02:51:27.276335+00:00,39.094962095524984,7.228407622047328
158,2024-199AU,61777,18,2026-10-04 11:21:00.741888+00:00,40.108051121880244,2026-10-04 11:20:59.472213+00:00,39.11670529009293,6.980076028365422
159,STARLINK-34822,65086,2,2026-10-06 02:16:40.741888+00:00,39.155521334597466,2026-10-06 02:16:39.804770+00:00,39.1178443780973,1.8315468825277839
160,STARLINK-37396,69256,2,2026-10-05 10:46:20.741888+00:00,49.02458267376625,2026-10-05 10:46:11.623673+00:00,39.15309229957098,3.235150851433811
161,STARLINK-34349,64215,2,2026-10-03 23:11:40.741888+00:00,41.105225419576584,2026-10-03 23:11:45.195037+00:00,39.153391254671554,2.809968862352183
162,STARLINK-34327,64208,2,2026-10-03 17:00:20.741888+00:00,39.2646268399375,2026-10-03 17:00:19.838679+00:00,39.16947423936986,3.024032841524356
163,STARLINK-31033,58723,2,2026-10-04 12:51:40.741888+00:00,105.25633015974377,2026-10-04 12:51:32.191397+00:00,39.17648360205387,11.425561224529089
164,STARLINK-37550,100277,2,2026-10-03 07:47:20.741888+00:00,46.57555125995918,2026-10-03 07:47:24.205860+00:00,39.29682468196243,7.217195769934724
165,BANDWAGON-2 OBJECT J,62385,3,2026-10-05 10:32:40.741888+00:00,111.03067413549249,2026-10-05 10:32:50.687139+00:00,39.44485700011998,10.435972089033486
166,2024-199BE,61787,2,2026-10-03 18:16:20.741888+00:00,74.83167895318694,2026-10-03 18:16:10.919208+00:00,39.470976706193476,6.472303987994316
167,STARLINK-30910,58376,2,2026-10-04 19:19:40.741888+00:00,40.82033254885666,2026-10-04 19:19:48.330350+00:00,39.497759988009626,1.3568483859613454
168,STARLINK-3619,51787,2,2026-10-06 02:20:20.741888+00:00,40.03046810063226,2026-10-06 02:20:29.468583+00:00,39.498579351053664,0.7427047012702385
169,STARLINK-32206,60273,2,2026-10-04 17:48:20.741888+00:00,39.814282930779704,2026-10-04 17:48:21.887744+00:00,39.510343897734806,4.284746682311153
170,STARLINK-32826,62970,3,2026-10-05 10:32:40.741888+00:00,85.8536272852288,2026-10-05 10:32:47.455633+00:00,39.56371386567173,11.348954548621307
171,STARLINK-4674,53591,1,2026-10-03 05:58:20.741888+00:00,64.44992959745927,2026-10-03 05:58:15.587971+00:00,39.585138515882775,9.86825648383037
172,STARLINK-36332,67862,2,2026-10-05 01:09:40.741888+00:00,120.94934160358972,2026-10-05 01:09:50.235925+00:00,39.59842283320413,12.037489204043109
173,STARLINK-34130,64736,3,2026-10-04 03:23:40.741888+00:00,116.95883915165119,2026-10-04 03:23:49.867281+00:00,39.5986737929779,12.059974722537072
174,STARLINK-36079,66897,2,2026-10-03 21:36:00.741888+00:00,40.252549810271255,2026-10-03 21:36:06.526652+00:00,39.6515836753751,1.1964477300678096
175,STARLINK-3298,50165,2,2026-10-04 23:49:00.741888+00:00,61.10391768611221,2026-10-04 23:49:06.025962+00:00,39.653031626235666,8.798021143885332
176,STARLINK-4029,52685,3,2026-10-06 03:23:00.741888+00:00,86.13274645867251,2026-10-06 03:23:07.117274+00:00,39.68642100691782,11.990623229522562
177,STARLINK-32153,60330,2,2026-10-06 02:22:00.741888+00:00,40.91616398447857,2026-10-06 02:22:02.261216+00:00,39.69138967856527,6.539512208665388
178,STARLINK-31629,59255,3,2026-10-03 16:33:40.741888+00:00,77.15106765536204,2026-10-03 16:33:46.216961+00:00,39.752086631597585,12.076761219397643
179,STARLINK-35099,65735,2,2026-10-05 23:08:40.741888+00:00,39.79632449335537,2026-10-05 23:08:41.188222+00:00,39.75632490024227,3.995994219041399
180,STARLINK-32232,60431,2,2026-10-04 05:04:20.741888+00:00,61.1084850301074,2026-10-04 05:04:16.822391+00:00,39.78370477632427,11.834155391679964
181,STARLINK-4051,53273,3,2026-10-04 12:45:40.741888+00:00,41.869192068814506,2026-10-04 12:45:41.821933+00:00,39.78542051589348,12.077280211448679
182,STARLINK-32189,60317,2,2026-10-06 05:16:40.741888+00:00,40.00512254825539,2026-10-06 05:16:40.175133+00:00,39.78820939614473,7.340291235722508
183,STARLINK-34606,64730,3,2026-10-05 01:04:40.741888+00:00,46.2641706614656,2026-10-05 01:04:42.692247+00:00,39.83635191533462,12.06186343819678
184,STARLINK-4691,53588,2,2026-10-03 19:55:40.741888+00:00,42.44153680349351,2026-10-03 19:55:39.176099+00:00,39.855015363965435,9.317690010822147
185,STARLINK-5045,53900,2,2026-10-05 18:32:00.741888+00:00,40.10279723862268,2026-10-05 18:32:02.760756+00:00,39.85839042853851,2.1889465258294534
186,STARLINK-37517,69254,2,2026-10-04 23:55:40.741888+00:00,42.00006026474828,2026-10-04 23:55:44.801106+00:00,39.8834606363509,3.24271474617625
187,STARLINK-34665,65089,2,2026-10-05 15:26:20.741888+00:00,42.37883740687287,2026-10-05 15:26:12.920255+00:00,39.902876164531435,1.8239513520543766
188,STARLINK-38012,100413,2,2026-10-05 06:21:00.741888+00:00,41.65026045514874,2026-10-05 06:21:01.867147+00:00,39.91941546307451,10.559299855794439
189,STARLINK-32183,60433,3,2026-10-05 02:45:20.741888+00:00,115.25890596806266,2026-10-05 02:45:11.602819+00:00,39.9287413766244,11.830789861295539
190,STARLINK-5158,54055,2,2026-10-03 15:29:40.741888+00:00,39.96630141421621,2026-10-03 15:29:40.296824+00:00,39.96493768480573,0.7391312785799543
191,STARLINK-31989,59959,2,2026-10-04 03:53:20.741888+00:00,47.38035271382323,2026-10-04 03:53:16.027256+00:00,39.98004546879006,5.392723287963783
192,STARLINK-36766,68069,3,2026-10-04 23:31:00.741888+00:00,48.46264011897995,2026-10-04 23:31:03.016670+00:00,40.012041262204235,12.020108149021238
193,STARLINK-34320,64217,2,2026-10-03 12:21:20.741888+00:00,40.60608771467807,2026-10-03 12:21:18.275302+00:00,40.01307707302884,2.8025491257481745
194,YAOGAN-36 02B,54043,2,2026-10-04 09:32:00.741888+00:00,42.981778189848946,2026-10-04 09:31:54.440381+00:00,40.02577782559526,2.4852941059596856
195,STARLINK-37911,100431,2,2026-10-06 02:29:00.741888+00:00,57.23789895273404,2026-10-06 02:29:04.598202+00:00,40.0460171262678,10.60484656185495
196,STARLINK-38233,100249,6,2026-10-04 15:59:40.741888+00:00,143.08755335334058,2026-10-04 15:59:50.228332+00:00,40.04833879523851,14.480797716604727
197,STARLINK-32097,60351,2,2026-10-04 02:21:20.741888+00:00,62.25250068955603,2026-10-04 02:21:13.044812+00:00,40.072711397107774,6.189104109194936
198,STARLINK-36902,68043,2,2026-10-06 02:19:20.741888+00:00,48.741046593567056,2026-10-06 02:19:13.649126+00:00,40.090341526804046,3.907950256619257
199,STARLINK-32274,60922,2,2026-10-05 15:19:00.741888+00:00,40.13649035973179,2026-10-05 15:19:00.602334+00:00,40.119645582199695,8.33094918437573
200,SEEDS II (CO-66),32791,6,2026-10-03 14:05:40.741888+00:00,106.52184199961751,2026-10-03 14:05:47.547703+00:00,40.121086905440514,14.498962228162192
201,STARLINK-4286,52990,2,2026-10-05 18:42:40.741888+00:00,52.27035778116126,2026-10-05 18:42:44.119997+00:00,40.1247104775938,9.916412983980763
202,STARLINK-4023,53135,3,2026-10-05 13:30:20.741888+00:00,126.7635042854394,2026-10-05 13:30:10.819514+00:00,40.15154368094828,12.117831206455852
203,STARLINK-31623,59272,3,2026-10-03 16:33:20.741888+00:00,40.259291680767305,2026-10-03 16:33:20.507726+00:00,40.16018290674858,12.056243660947388
204,STARLINK-37536,69508,2,2026-10-05 03:06:20.741888+00:00,41.410209480563125,2026-10-05 03:06:18.626768+00:00,40.19541295259893,4.706963899696444
205,STARLINK-38438,100766,2,2026-10-05 22:25:40.741888+00:00,40.904273176689074,2026-10-05 22:25:39.705055+00:00,40.31384796035366,6.678719645412826
206,STARLINK-34403,64443,2,2026-10-05 18:38:40.741888+00:00,46.10473498540002,2026-10-05 18:38:43.693728+00:00,40.323827250371174,7.572179867398613
207,STARLINK-35919,66888,2,2026-10-03 10:45:40.741888+00:00,40.40825402575505,2026-10-03 10:45:39.179985+00:00,40.36547844473363,1.1886081336106566
208,STARLINK-4717,53705,2,2026-10-05 21:29:20.741888+00:00,61.56656668818587,2026-10-05 21:29:15.690681+00:00,40.37596832050231,9.201279642289707
209,STARLINK-2378,47916,2,2026-10-04 08:17:00.741888+00:00,71.73764650328705,2026-10-04 08:16:54.969821+00:00,40.38447291429766,10.27189981421934
210,COSMOS 2561,54109,6,2026-10-03 09:49:00.741888+00:00,41.25219827048778,2026-10-03 09:49:00.158387+00:00,40.386254856571206,14.40958637134529
211,STARLINK-34553,64681,2,2026-10-04 02:27:20.741888+00:00,45.93117413310776,2026-10-04 02:27:18.576310+00:00,40.38757913091101,10.101056538867205
212,STARLINK-1954,47555,7,2026-10-03 17:45:20.741888+00:00,40.53972477376026,2026-10-03 17:45:19.613664+00:00,40.47993158921488,1.951297384684575
213,STARLINK-34622,66015,2,2026-10-05 17:07:20.741888+00:00,63.68766514267153,2026-10-05 17:07:26.405027+00:00,40.49458837790313,8.67981922921826
214,STARLINK-35228,65517,2,2026-10-04 03:40:00.741888+00:00,57.75547297844017,2026-10-04 03:39:56.406632+00:00,40.50929491983443,9.49566811732141
215,BRO-5,51061,22,2026-10-03 23:51:40.741888+00:00,113.62463900477422,2026-10-03 23:51:32.929770+00:00,40.51775672827344,13.588752027675534
216,STARLINK-36328,68096,3,2026-10-05 10:21:20.741888+00:00,112.13687924667676,2026-10-05 10:21:29.438803+00:00,40.55132950148897,12.021309661508147
217,STARLINK-34680,65356,3,2026-10-03 13:25:00.741888+00:00,62.19829032728352,2026-10-03 13:25:04.711502+00:00,40.60701391094491,11.868461249506316
218,STARLINK-32889,62961,2,2026-10-05 21:23:20.741888+00:00,90.8181657508097,2026-10-05 21:23:13.582385+00:00,40.60857883643426,11.346241647051517
219,STARLINK-4497,53411,2,2026-10-06 02:31:00.741888+00:00,114.1724895705729,2026-10-06 02:31:10.269450+00:00,40.65525058802981,11.1979833554175
220,2024-018A,58849,1,2026-10-05 08:34:40.741888+00:00,77.07823770859423,2026-10-05 08:34:48.102762+00:00,40.679738942133866,8.894318734454767
221,BRO-5,51061,21,2026-10-03 23:05:00.741888+00:00,73.52849758162198,2026-10-03 23:05:05.243685+00:00,40.684685699251595,13.60514853580721
222,STARLINK-31249,58838,3,2026-10-04 14:19:20.741888+00:00,67.33317611875081,2026-10-04 14:19:25.198437+00:00,40.69545000529279,12.0369391512094
223,STARLINK-37813,100289,2,2026-10-03 10:53:20.741888+00:00,62.71137470698487,2026-10-03 10:53:14.134594+00:00,40.717441155989256,7.218389897881549
224,STARLINK-35601,66149,2,2026-10-04 20:55:20.741888+00:00,64.08134101516958,2026-10-04 20:55:11.278053+00:00,40.74200690101882,5.226187288207544
225,STARLINK-30563,58042,2,2026-10-04 02:21:40.741888+00:00,58.96465135475581,2026-10-04 02:21:34.180229+00:00,40.76489486391009,6.492552692341483
226,STARLINK-36680,68721,2,2026-10-05 13:54:00.741888+00:00,41.19797849814836,2026-10-05 13:53:58.219825+00:00,40.805988504785056,2.247264238036125
227,STARLINK-30617,58104,3,2026-10-04 00:14:40.741888+00:00,80.05225827688398,2026-10-04 00:14:46.586513+00:00,40.81273169212373,11.782918665302907
228,STARLINK-3682,52140,2,2026-10-05 23:18:00.741888+00:00,82.39986022612028,2026-10-05 23:18:09.613918+00:00,40.8280656570126,8.067256150149595
229,2024-205M,61905,5,2026-10-03 11:27:20.741888+00:00,85.41720354170403,2026-10-03 11:27:26.205056+00:00,40.839081008454585,13.732242301595875
230,STARLINK-38178,100201,2,2026-10-05 12:00:00.741888+00:00,58.091058140759905,2026-10-05 11:59:53.839736+00:00,40.84276234427922,5.984784850777645
231,STARLINK-35473,65937,3,2026-10-04 11:05:20.741888+00:00,89.65593480522583,2026-10-04 11:05:13.971324+00:00,40.85336490149403,11.787334589978968
232,STARLINK-4197,52849,2,2026-10-04 16:14:40.741888+00:00,43.24304680234807,2026-10-04 16:14:36.714953+00:00,40.91001984728861,3.479153677096987
233,STARLINK-2448,48111,3,2026-10-03 17:58:20.741888+00:00,99.16892662663244,2026-10-03 17:58:29.056313+00:00,40.91958793954528,10.864832580221458
234,STARLINK-3176,51106,2,2026-10-04 02:12:00.741888+00:00,40.9373845851421,2026-10-04 02:12:00.548402+00:00,40.9210976377114,5.967374440271892
235,STARLINK-32236,60418,3,2026-10-04 19:05:00.741888+00:00,42.09743242034041,2026-10-04 19:05:01.631900+00:00,40.93918244517902,11.01883426694887
236,STARLINK-36238,68563,2,2026-10-04 23:59:00.741888+00:00,41.07048377636264,2026-10-04 23:59:03.144059+00:00,40.973425435618836,1.1731790757771272
237,STARLINK-37164,68324,2,2026-10-03 13:52:20.741888+00:00,46.544069441468515,2026-10-03 13:52:29.648188+00:00,41.07285840492585,2.4576528618648754
238,STARLINK-37004,68089,2,2026-10-04 12:40:40.741888+00:00,74.65973978831302,2026-10-04 12:40:35.554631+00:00,41.07389376912455,12.018971332225243
239,STARLINK-37062,68087,3,2026-10-03 14:59:40.741888+00:00,70.19130270687198,2026-10-03 14:59:36.001830+00:00,41.08203922949279,12.006725420103216
240,STARLINK-4098,53153,3,2026-10-05 02:39:40.741888+00:00,48.93953687980078,2026-10-05 02:39:42.930431+00:00,41.13123896819555,12.117433249570253
241,STARLINK-34399,64444,2,2026-10-05 03:09:20.741888+00:00,43.27997956319341,2026-10-05 03:09:18.929783+00:00,41.158530584452066,7.385671117484295
242,STARLINK-37096,68239,2,2026-10-05 09:07:40.741888+00:00,79.61639410995929,2026-10-05 09:07:49.255946+00:00,41.16781124228088,8.003965881751185
243,STARLINK-5421,54799,2,2026-10-06 03:51:40.741888+00:00,41.25412357288595,2026-10-06 03:51:40.059822+00:00,41.18540566386708,3.489063759826945
244,STARLINK-4494,53558,2,2026-10-04 11:39:40.741888+00:00,66.49961203556856,2026-10-04 11:39:33.174072+00:00,41.225369330169016,6.894690286736231
245,STARLINK-4298,53177,3,2026-10-05 07:12:00.741888+00:00,54.74187946658197,2026-10-05 07:12:03.834399+00:00,41.251418831322866,11.636360724772386
246,STARLINK-35340,66022,2,2026-10-03 10:55:40.741888+00:00,78.56945587632842,2026-10-03 10:55:33.151404+00:00,41.26115385793062,8.808686338226106
247,STARLINK-34420,64483,2,2026-10-05 21:48:00.741888+00:00,53.336251429880136,2026-10-05 21:47:57.236625+00:00,41.27204439060246,9.637959734143669
248,STARLINK-37921,69969,3,2026-10-04 09:31:20.741888+00:00,88.00830806740483,2026-10-04 09:31:27.401748+00:00,41.28742059771637,11.670253103776648
249,STARLINK-32367,60919,2,2026-10-06 02:09:20.741888+00:00,58.502414963328704,2026-10-06 02:09:25.716619+00:00,41.32058233161828,8.324792391655695
250,STARLINK-2559,48298,5,2026-10-05 23:15:20.741888+00:00,42.2732785536177,2026-10-05 23:15:22.265129+00:00,41.325023715572435,5.8452547007530296
251,STARLINK-3587,51892,2,2026-10-04 20:44:40.741888+00:00,41.436745140948496,2026-10-04 20:44:35.763423+00:00,41.37973934417656,0.432860780957308
252,STARLINK-3898,52458,2,2026-10-03 17:06:20.741888+00:00,77.92976949086334,2026-10-03 17:06:12.659209+00:00,41.398403530137664,8.168501261509393
253,STARLINK-31793,60053,2,2026-10-03 20:10:00.741888+00:00,48.47806099575958,2026-10-03 20:10:04.520249+00:00,41.42810753240478,6.662965791764463
254,STARLINK-37896,69970,3,2026-10-04 20:22:00.741888+00:00,88.3547149118148,2026-10-04 20:21:54.056618+00:00,41.43428642748637,11.672901479948377
255,STARLINK-37594,100484,2,2026-10-04 03:53:40.741888+00:00,41.83084683188119,2026-10-04 03:53:41.731890+00:00,41.43744025138245,5.781003220835705
256,STARLINK-4641,53730,2,2026-10-04 19:09:20.741888+00:00,53.83278853856741,2026-10-04 19:09:24.417740+00:00,41.440908634084984,9.347404864819884
257,STARLINK-35558,66060,2,2026-10-04 03:36:40.741888+00:00,60.42073762727506,2026-10-04 03:36:44.824145+00:00,41.47135855244585,10.763744765330802
258,STARLINK-32645,62321,3,2026-10-04 14:14:20.741888+00:00,41.90897383761809,2026-10-04 14:14:20.246333+00:00,41.48041812257544,12.063235784651557
259,STARLINK-37337,68953,2,2026-10-04 03:39:20.741888+00:00,92.47896283187829,2026-10-04 03:39:12.348038+00:00,41.49061188011291,9.846408288644172
260,STARLINK-3965,52550,2,2026-10-04 03:17:40.741888+00:00,96.3379275287048,2026-10-04 03:17:33.019155+00:00,41.49483032574041,11.258091733143894
261,STARLINK-34302,65216,2,2026-10-03 16:27:40.741888+00:00,119.82392388353348,2026-10-03 16:27:30.831532+00:00,41.50168415612451,11.342456742395354
262,STARLINK-37964,69958,3,2026-10-06 04:53:20.741888+00:00,45.83450262638751,2026-10-06 04:53:19.080121+00:00,41.506221411905514,11.70009151483262
263,STARLINK-31019,58540,2,2026-10-04 05:25:40.741888+00:00,62.37679372859196,2026-10-04 05:25:49.952985+00:00,41.5353849479625,5.051991166553957
264,STARLINK-35509,66199,1,2026-10-03 05:55:40.741888+00:00,112.20664264520273,2026-10-03 05:55:50.424455+00:00,41.55353607255169,10.76465318029558
265,STARLINK-34897,65212,2,2026-10-04 03:18:00.741888+00:00,54.1264790317021,2026-10-04 03:17:57.685703+00:00,41.56179892290621,11.34540037400147
266,STARLINK-31522,59204,3,2026-10-05 07:11:40.741888+00:00,56.9849905982592,2026-10-05 07:11:37.377701+00:00,41.641904734387765,11.56295080398964
267,STARLINK-36685,68717,2,2026-10-04 16:13:00.741888+00:00,42.74408683888041,2026-10-04 16:13:05.017335+00:00,41.664681479894135,2.2318295934766033
268,STARLINK-38139,100236,4,2026-10-05 19:56:40.741888+00:00,45.26289246011173,2026-10-05 19:56:39.487869+00:00,41.66708697734561,14.098536921367023
269,STARLINK-4796,53909,2,2026-10-04 06:54:00.741888+00:00,46.47996912748241,2026-10-04 06:53:53.997070+00:00,41.76474659024424,3.0237846513676203
270,STARLINK-37933,69532,2,2026-10-04 16:16:00.741888+00:00,61.24414963728841,2026-10-04 16:15:51.217418+00:00,41.832636469462194,4.696164312375315
271,STARLINK-34902,65326,3,2026-10-05 22:51:00.741888+00:00,100.76820291599344,2026-10-05 22:51:08.374144+00:00,41.83657651553888,12.01127823398912
272,STARLINK-33598,62771,2,2026-10-04 11:30:20.741888+00:00,43.40479641177214,2026-10-04 11:30:22.963942+00:00,41.83954296472862,5.198147395514208
273,STARLINK-37918,69831,3,2026-10-05 18:02:20.741888+00:00,88.54108185953089,2026-10-05 18:02:27.448494+00:00,41.89355845057217,11.630696950022907
274,STARLINK-32793,62874,2,2026-10-04 07:06:40.741888+00:00,47.545773497318564,2026-10-04 07:06:42.910547+00:00,41.90854913788784,10.35461910924861
275,STARLINK-3673,52093,2,2026-10-05 21:46:20.741888+00:00,54.11070680155495,2026-10-05 21:46:24.615902+00:00,41.95707832932241,8.820059544391526
276,STARLINK-34858,65023,2,2026-10-06 00:37:40.741888+00:00,45.80257202350143,2026-10-06 00:37:38.309654+00:00,41.985705014356604,7.525848600762772
277,STARLINK-35177,65673,3,2026-10-03 07:23:40.741888+00:00,66.99224115020466,2026-10-03 07:23:44.299396+00:00,41.994449184492645,14.671963973052819
278,STARLINK-34919,65802,2,2026-10-05 15:11:00.741888+00:00,74.30398158510418,2026-10-05 15:10:51.282919+00:00,42.02481924381319,6.47807552037884
279,STARLINK-37413,68789,5,2026-10-05 07:27:20.741888+00:00,140.03188084009201,2026-10-05 07:27:11.576879+00:00,42.060175634310696,14.573569630893697
280,STARLINK-37191,68334,2,2026-10-04 00:43:00.741888+00:00,42.9857600138211,2026-10-04 00:42:57.164527+00:00,42.083076768048606,2.4488135870822276
281,STARLINK-4174,53276,3,2026-10-04 01:55:00.741888+00:00,106.91619923369794,2026-10-04 01:55:08.874823+00:00,42.10147508312457,12.083979585607596
282,STARLINK-32297,61521,2,2026-10-05 15:40:00.741888+00:00,107.78211589498306,2026-10-05 15:40:09.723981+00:00,42.13930265556296,11.044545492271867
283,STARLINK-37650,100056,2,2026-10-04 03:24:40.741888+00:00,65.72064050812563,2026-10-04 03:24:36.572160+00:00,42.14931118341676,12.092928545764554
284,STARLINK-37291,68560,2,2026-10-04 13:08:40.741888+00:00,42.546132769187146,2026-10-04 13:08:35.880436+00:00,42.15609419913172,1.180882403956264
285,NUSAT-35 (WILLIAMINA),55048,7,2026-10-03 19:05:40.741888+00:00,111.3479667770385,2026-10-03 19:05:47.873934+00:00,42.171427774530194,14.449308870227524
286,2024-205N,61906,5,2026-10-05 17:43:40.741888+00:00,45.41909632787136,2026-10-05 17:43:42.070584+00:00,42.186085266981976,12.666048523439105
287,STARLINK-36772,67721,4,2026-10-04 05:11:00.741888+00:00,127.62749109456688,2026-10-04 05:11:09.129351+00:00,42.19574314388517,14.360816073104523
288,STARLINK-4403,53197,4,2026-10-04 16:03:20.741888+00:00,49.4744977437765,2026-10-04 16:03:18.932026+00:00,42.27880114733393,14.197014742377144
289,STARLINK-34798,65063,3,2026-10-04 19:13:20.741888+00:00,42.48002616129233,2026-10-04 19:13:20.456572+00:00,42.3041953922863,13.53237354859408
290,STARLINK-35849,66348,2,2026-10-04 02:01:20.741888+00:00,63.66555412426114,2026-10-04 02:01:24.928503+00:00,42.31342754379523,11.362250025866842
291,STARLINK-34598,64759,2,2026-10-04 08:14:40.741888+00:00,79.90715771792624,2026-10-04 08:14:34.586233+00:00,42.31698255507489,11.011334780191405
292,STARLINK-32651,62314,3,2026-10-04 00:20:40.741888+00:00,48.38469158428583,2026-10-04 00:20:38.807847+00:00,42.33014524731838,12.117420649786432
293,STARLINK-37404,68786,5,2026-10-05 15:12:40.741888+00:00,125.10293713880115,2026-10-05 15:12:32.644462+00:00,42.33398323196522,14.538298581218088
294,STARLINK-34962,65248,5,2026-10-05 16:47:00.741888+00:00,53.23552748629608,2026-10-05 16:46:58.510004+00:00,42.351848401291385,14.45147372662372
295,STARLINK-38177,100234,5,2026-10-04 08:17:00.741888+00:00,74.9127037286482,2026-10-04 08:16:56.440012+00:00,42.35330668052697,14.363594258856638
296,STARLINK-32520,62021,3,2026-10-04 21:56:20.741888+00:00,61.00551937757971,2026-10-04 21:56:24.439642+00:00,42.35838478097653,11.872669711453716
297,LEMUR-2-JK0903EM1407,58336,6,2026-10-04 06:07:00.741888+00:00,78.74072370489652,2026-10-04 06:07:06.048451+00:00,42.381329348500756,12.505792196796401
298,STARLINK-35638,66169,2,2026-10-03 23:14:20.741888+00:00,44.88439076523812,2026-10-03 23:14:17.921288+00:00,42.410153748063614,5.2100794129143075
299,STARLINK-4006,52676,3,2026-10-04 13:26:40.741888+00:00,51.65833550828336,2026-10-04 13:26:38.285682+00:00,42.42037354575358,12.002280108059164
300,STARLINK-36218,69968,2,2026-10-03 22:41:00.741888+00:00,43.96219734042053,2026-10-03 22:40:59.756923+00:00,42.43334928301897,11.668149137271264
301,STARLINK-38260,100304,2,2026-10-06 05:10:20.741888+00:00,48.23684204154866,2026-10-06 05:10:17.505465+00:00,42.43756088369831,7.08508032478304
302,STARLINK-36681,68720,2,2026-10-06 00:44:20.741888+00:00,43.10640639523227,2026-10-06 00:44:24.076152+00:00,42.4447739393744,2.2557092854546137
303,STARLINK-35015,65283,4,2026-10-05 23:02:00.741888+00:00,109.06030113435241,2026-10-05 23:01:53.653191+00:00,42.50999386708916,14.168212430896252
304,STARLINK-34955,65192,2,2026-10-04 09:46:40.741888+00:00,47.754473065950116,2026-10-04 09:46:43.991405+00:00,42.51328448966171,6.693316518596516
305,COSMOS 2561,54109,3,2026-10-03 07:29:40.741888+00:00,59.35270679173246,2026-10-03 07:29:43.611985+00:00,42.543162832771074,14.419898884840073
306,FLOCK 4BE-7,60481,9,2026-10-03 15:22:00.741888+00:00,44.006407348473445,2026-10-03 15:22:01.584083+00:00,42.56915993622713,13.245042502864106
307,STARLINK-35968,66636,2,2026-10-04 13:20:00.741888+00:00,114.72645251057834,2026-10-04 13:20:10.481437+00:00,42.59775095422819,10.937398614411983
308,STARLINK-4745,53844,2,2026-10-03 20:01:40.741888+00:00,49.59632886619963,2026-10-03 20:01:46.218613+00:00,42.60012018140124,4.636872523263262
309,STARLINK-3861,52503,2,2026-10-04 18:35:40.741888+00:00,51.37370834430688,2026-10-04 18:35:46.243398+00:00,42.607132628691964,5.216991444491685
310,STARLINK-4370,53231,4,2026-10-03 23:00:20.741888+00:00,105.25227533145035,2026-10-03 23:00:14.009696+00:00,42.62849100002204,14.294475362830854
311,STARLINK-38304,100374,2,2026-10-04 07:22:20.741888+00:00,69.50093968376522,2026-10-04 07:22:29.760655+00:00,42.654388047969036,6.084001227733347
312,STARLINK-38021,69725,6,2026-10-04 20:36:00.741888+00:00,72.62612057926182,2026-10-04 20:36:04.766697+00:00,42.670949191019254,14.601463760340573
313,SKYSAT-C9,42989,5,2026-10-04 01:36:00.741888+00:00,73.29029042735607,2026-10-04 01:35:54.333936+00:00,42.70265262933361,9.295531228405833
314,STARLINK-38299,100316,1,2026-10-03 05:51:00.741888+00:00,70.23865580330161,2026-10-03 05:50:51.769230+00:00,42.712537536353565,6.2141026281076615
315,STARLINK-38364,100623,3,2026-10-04 11:36:20.741888+00:00,73.58230901517378,2026-10-04 11:36:27.606498+00:00,42.71472240918794,8.728190189120776
316,STARLINK-37982,100285,2,2026-10-04 06:14:40.741888+00:00,45.071051750257105,2026-10-04 06:14:42.729670+00:00,42.72577144885794,7.218560403556039
317,STARLINK-35277,65832,2,2026-10-06 00:50:20.741888+00:00,73.32681375685587,2026-10-06 00:50:12.740269+00:00,42.76300348110987,7.444158557555634
318,STARLINK-38278,100620,2,2026-10-03 17:47:40.741888+00:00,45.19294509157368,2026-10-03 17:47:42.445670+00:00,42.76365254434232,8.579348849991003
319,STARLINK-35077,65529,3,2026-10-05 18:27:20.741888+00:00,71.6266409095963,2026-10-05 18:27:16.483570+00:00,42.765942379814305,13.493059954283122
320,STARLINK-35384,65884,1,2026-10-03 13:37:40.741888+00:00,42.82243318950037,2026-10-03 13:37:31.789073+00:00,42.76665863380288,0.23783444254446992
321,STARLINK-4285,52991,2,2026-10-04 17:56:00.741888+00:00,42.87700199602281,2026-10-04 17:56:01.051677+00:00,42.76701068176763,9.907049323564232
322,STARLINK-31613,59431,2,2026-10-05 04:28:00.741888+00:00,63.96328561408281,2026-10-05 04:28:06.247016+00:00,42.77836443810322,8.637888043562029
323,STARLINK-34964,65239,6,2026-10-03 10:29:40.741888+00:00,144.38546491351892,2026-10-03 10:29:31.343483+00:00,42.782399001628356,14.67298113485786
324,STARLINK-37202,68731,2,2026-10-03 10:29:00.741888+00:00,44.6569512091661,2026-10-03 10:28:58.663350+00:00,42.787135074864416,6.151494788055513
325,STARLINK-36672,68674,2,2026-10-04 06:41:00.741888+00:00,51.81772857373703,2026-10-04 06:40:56.380281+00:00,42.78877714428822,6.700582175075997
326,STARLINK-34590,64675,2,2026-10-06 02:28:00.741888+00:00,73.09022506168058,2026-10-06 02:28:06.526990+00:00,42.78927047959953,10.242731808719183
327,STARLINK-37859,69553,6,2026-10-05 01:11:20.741888+00:00,102.78504157969313,2026-10-05 01:11:27.101537+00:00,42.815217893285855,14.693097338702605
328,STARLINK-38186,100162,6,2026-10-04 17:28:20.741888+00:00,144.25381589805832,2026-10-04 17:28:11.348383+00:00,42.82326189164398,14.66460519975776
329,STARLINK-4627,53711,2,2026-10-04 08:18:00.741888+00:00,100.7863169534443,2026-10-04 08:18:10.123372+00:00,42.84390458637947,9.724147177685039
330,STARLINK-33799,63447,2,2026-10-04 02:30:00.741888+00:00,99.24122491193741,2026-10-04 02:30:08.848158+00:00,42.860816361215605,11.041846217031091
331,STARLINK-37248,68527,2,2026-10-04 18:43:00.741888+00:00,50.46925813065704,2026-10-04 18:42:58.104209+00:00,42.86738380311905,10.09847906142162
332,SCS-01 H,63989,6,2026-10-05 16:56:20.741888+00:00,99.67877842274638,2026-10-05 16:56:27.676063+00:00,42.87248483002826,12.97759878443348
333,STARLINK-37946,69672,5,2026-10-03 21:22:40.741888+00:00,98.50014928994987,2026-10-03 21:22:46.821750+00:00,42.89400729820883,14.584186790966491
334,STARLINK-32351,61529,2,2026-10-05 00:10:40.741888+00:00,51.01426144394693,2026-10-05 00:10:38.220730+00:00,42.906810418867984,10.945027518885865
335,STARLINK-36394,67566,4,2026-10-05 06:01:40.741888+00:00,141.20097184052165,2026-10-05 06:01:31.096447+00:00,42.93405640468195,13.946110717113726
336,STARLINK-34365,64671,2,2026-10-05 16:24:00.741888+00:00,74.02731125777353,2026-10-05 16:23:54.797666+00:00,42.94308267855814,10.143948306933007
337,STARLINK-34587,64735,3,2026-10-05 22:46:00.741888+00:00,50.26157560103188,2026-10-05 22:46:02.889372+00:00,43.04519447905278,12.083196209752913
338,STARLINK-33803,63517,2,2026-10-06 03:16:40.741888+00:00,51.920949688060034,2026-10-06 03:16:43.394167+00:00,43.04886578554251,10.94408632168417
339,STARLINK-32410,61887,2,2026-10-04 07:52:40.741888+00:00,81.1641000461319,2026-10-04 07:52:33.933503+00:00,43.05529430736891,10.105508130605589
340,STARLINK-34834,65295,4,2026-10-04 11:22:00.741888+00:00,55.520940279177076,2026-10-04 11:22:03.173143+00:00,43.05815319239591,14.416679231715548
341,STARLINK-38055,69704,5,2026-10-05 12:06:40.741888+00:00,73.12641847021102,2026-10-05 12:06:44.807325+00:00,43.061272294292266,14.537887661221461
342,STARLINK-35483,66252,2,2026-10-04 12:59:20.741888+00:00,74.41862840659577,2026-10-04 12:59:28.025088+00:00,43.06483448373732,8.3331183844987
343,STARLINK-37612,69039,2,2026-10-05 22:54:40.741888+00:00,60.86279667641584,2026-10-05 22:54:47.472545+00:00,43.087153606913255,6.386275610866307
344,STARLINK-36673,67660,6,2026-10-04 20:34:00.741888+00:00,48.0719125614853,2026-10-04 20:33:59.288993+00:00,43.09140596170967,14.665876710693306
345,STARLINK-3225,49737,2,2026-10-05 05:42:40.741888+00:00,43.37235376326881,2026-10-05 05:42:40.345575+00:00,43.11010818892651,12.016414615997675
346,STARLINK-38014,69721,6,2026-10-03 12:01:20.741888+00:00,130.27667896656288,2026-10-03 12:01:12.376693+00:00,43.112519102151204,14.69621891496384
347,STARLINK-32174,61509,2,2026-10-04 01:41:20.741888+00:00,64.64198092479752,2026-10-04 01:41:25.412250+00:00,43.12518218462595,10.310384028276747
348,STARLINK-37025,68223,2,2026-10-05 10:36:20.741888+00:00,43.13317276989029,2026-10-05 10:36:20.731461+00:00,43.13310467300622,7.350561610169688
349,STARLINK-31695,59376,2,2026-10-04 14:28:20.741888+00:00,79.09364026759917,2026-10-04 14:28:27.159614+00:00,43.13682645194759,10.329930905400046
350,STARLINK-4255,53003,2,2026-10-05 10:56:40.741888+00:00,55.176259623228894,2026-10-05 10:56:44.468543+00:00,43.15462711601144,9.225708576873975
351,STARLINK-33922,63698,2,2026-10-03 19:47:20.741888+00:00,123.46959004428575,2026-10-03 19:47:30.595313+00:00,43.15748359925389,11.740340817944983
352,STARLINK-38026,100408,2,2026-10-04 18:44:00.741888+00:00,100.68606656261892,2026-10-04 18:44:09.372792+00:00,43.16236178649936,10.53945919014497
353,STARLINK-4382,53194,4,2026-10-05 02:54:40.741888+00:00,79.25940877911479,2026-10-05 02:54:45.462922+00:00,43.18434939202959,14.077705495268875
354,STARLINK-33797,63448,2,2026-10-05 21:04:20.741888+00:00,102.94533517335275,2026-10-05 21:04:29.410260+00:00,43.202558657985584,10.779554354794348
355,STARLINK-34593,64758,2,2026-10-03 10:33:40.741888+00:00,77.29218714363681,2026-10-03 10:33:34.941404+00:00,43.20403936215355,11.048983672700096
356,STARLINK-3522,51725,2,2026-10-04 17:45:20.741888+00:00,44.02712953974062,2026-10-04 17:45:24.656431+00:00,43.20463610978561,2.1629197956306054
357,STARLINK-4365,53228,4,2026-10-04 02:06:00.741888+00:00,67.22781005933628,2026-10-04 02:06:04.342356+00:00,43.235711268149366,14.298182585255221
358,STARLINK-37789,69495,6,2026-10-06 00:24:40.741888+00:00,62.72076285960585,2026-10-06 00:24:43.832608+00:00,43.23580958601608,14.701104582380534
359,STARLINK-37808,100045,2,2026-10-05 22:46:20.741888+00:00,118.96874011773372,2026-10-05 22:46:29.901913+00:00,43.23630660654368,12.099836394224498
360,STARLINK-33798,63449,2,2026-10-05 15:39:20.741888+00:00,59.874344952484215,2026-10-05 15:39:16.904345+00:00,43.245937610142136,10.790412307661901
361,STARLINK-32018,60105,2,2026-10-06 05:23:40.741888+00:00,43.45411670904697,2026-10-06 05:23:39.167236+00:00,43.249749316116755,2.672734149000954
362,STARLINK-37671,69206,2,2026-10-03 07:35:40.741888+00:00,43.77855320701587,2026-10-03 07:35:41.689809+00:00,43.261840993814936,7.074564881408729
363,FLOCK 4BE-14,60517,8,2026-10-04 00:40:00.741888+00:00,72.63871981273738,2026-10-04 00:40:05.198449+00:00,43.277834448020585,13.090665132947386
364,STARLINK-37784,69657,5,2026-10-04 05:08:00.741888+00:00,117.68903001941968,2026-10-04 05:08:08.262734+00:00,43.30781959425203,14.550368927597276
365,STARLINK-35336,66006,2,2026-10-06 03:57:40.741888+00:00,96.8506074544625,2026-10-06 03:57:50.715073+00:00,43.31209170586979,8.68590400188305
366,STARLINK-30278,57668,2,2026-10-04 03:29:20.741888+00:00,44.53076657868415,2026-10-04 03:29:19.881238+00:00,43.31339973263673,12.01537167882968
367,STARLINK-34390,64666,2,2026-10-03 15:37:00.741888+00:00,100.80702262876439,2026-10-03 15:36:51.726533+00:00,43.329684149229635,10.096052475863397
368,STARLINK-3137,49449,3,2026-10-05 00:17:40.741888+00:00,45.6949126385822,2026-10-05 00:17:41.935288+00:00,43.35844898728449,12.086885655375564
369,STARLINK-37403,68788,5,2026-10-05 22:58:00.741888+00:00,120.12619156518748,2026-10-05 22:57:53.016840+00:00,43.39277595165313,14.50026555535449
370,STARLINK-34283,64214,2,2026-10-03 18:32:40.741888+00:00,47.188463347632776,2026-10-03 18:32:47.699404+00:00,43.40289512825143,2.6610696219106704
371,STARLINK-34815,65099,2,2026-10-03 15:24:40.741888+00:00,45.35978498977996,2026-10-03 15:24:50.506776+00:00,43.41256028326281,1.3452707683080232
372,STARLINK-4351,53193,4,2026-10-05 06:00:40.741888+00:00,113.06569626361369,2026-10-05 06:00:33.328972+00:00,43.42868006985508,14.082519735762519
373,STARLINK-34306,64259,2,2026-10-03 21:00:20.741888+00:00,100.11187298278051,2026-10-03 21:00:30.386889+00:00,43.45006979021119,9.35104268223969
374,STARLINK-35222,65677,2,2026-10-04 22:23:20.741888+00:00,43.91754260125252,2026-10-04 22:23:22.931031+00:00,43.490847209316236,2.789190081549832
375,STARLINK-35017,65292,4,2026-10-05 09:04:40.741888+00:00,43.52251502847847,2026-10-05 09:04:40.631786+00:00,43.49413259756417,14.273736295753201
376,STARLINK-37871,69549,6,2026-10-03 15:03:00.741888+00:00,130.47193753148287,2026-10-03 15:03:09.093002+00:00,43.50141736302032,14.729385681885708
377,STARLINK-37384,69460,2,2026-10-03 12:20:20.741888+00:00,44.963302149115364,2026-10-03 12:20:15.066098+00:00,43.50911535451175,1.9976331067896034
378,STARLINK-32338,61519,2,2026-10-05 21:04:00.741888+00:00,81.51112478433153,2026-10-05 21:04:07.205317+00:00,43.50938701428338,10.6641247761035
379,STARLINK-35282,65658,5,2026-10-05 21:26:20.741888+00:00,124.08035959792588,2026-10-05 21:26:28.810058+00:00,43.50974655780703,14.402528501099447
380,FLOCK 4G-29,62642,3,2026-10-04 16:09:20.741888+00:00,129.36204048935684,2026-10-04 16:09:30.081136+00:00,43.51196925371434,13.044462966866531
381,STARLINK-33819,63494,2,2026-10-04 17:58:20.741888+00:00,49.539099927945365,2026-10-04 17:58:22.936960+00:00,43.520043303374955,10.781701729958495
382,STARLINK-35929,66625,2,2026-10-04 23:23:40.741888+00:00,85.68190382469362,2026-10-04 23:23:33.884875+00:00,43.57083958978661,10.759188695465646
383,STARLINK-38008,69724,6,2026-10-04 12:50:40.741888+00:00,52.55789324926992,2026-10-04 12:50:42.750141+00:00,43.578939340091836,14.62970314664993
384,STARLINK-37519,69298,6,2026-10-06 03:32:40.741888+00:00,65.67703620535154,2026-10-06 03:32:37.390514+00:00,43.59403699224042,14.657327989272028
385,STARLINK-37622,69829,2,2026-10-05 01:46:40.741888+00:00,91.93548793572184,2026-10-05 01:46:47.695705+00:00,43.60217816105919,11.63931467997383
386,STARLINK-34364,64495,2,2026-10-03 15:35:20.741888+00:00,67.39323148985709,2026-10-03 15:35:15.236570+00:00,43.62294046777771,9.330852025742224
387,STARLINK-3793,52380,2,2026-10-06 01:54:40.741888+00:00,80.77313863144484,2026-10-06 01:54:46.353705+00:00,43.68992633804507,12.106089629243
388,STARLINK-35045,65439,2,2026-10-03 07:18:40.741888+00:00,66.81432582275026,2026-10-03 07:18:32.215915+00:00,43.691620751742605,5.928511868146099
389,STARLINK-4358,53225,4,2026-10-04 12:57:20.741888+00:00,141.9495337445462,2026-10-04 12:57:30.259216+00:00,43.696537840541055,14.190711534107878
390,STARLINK-37364,68783,6,2026-10-04 23:42:00.741888+00:00,130.22794605059903,2026-10-04 23:41:52.341972+00:00,43.70199537230704,14.604519923245388
391,TEVEL2-8,63239,2,2026-10-04 17:38:00.741888+00:00,57.19146472500794,2026-10-04 17:38:05.031457+00:00,43.70379729070959,8.599721829174488
392,STARLINK-34348,64152,5,2026-10-04 06:42:40.741888+00:00,122.02390642852839,2026-10-04 06:42:32.866444+00:00,43.710802754227906,14.466049219094353
393,STARLINK-37855,69493,6,2026-10-05 07:20:40.741888+00:00,83.61509289479021,2026-10-05 07:20:35.901826+00:00,43.737934940687076,14.723568315179548
394,STARLINK-31648,59266,3,2026-10-04 14:14:40.741888+00:00,44.514370905938435,2026-10-04 14:14:41.426900+00:00,43.738670404909236,12.07834181695575
395,STARLINK-38132,100154,7,2026-10-03 16:38:40.741888+00:00,44.0771134785324,2026-10-03 16:38:40.378665+00:00,43.75183509037639,14.715315034546098
396,STARLINK-2164,47750,3,2026-10-04 23:34:40.741888+00:00,51.32857797474396,2026-10-04 23:34:38.527711+00:00,43.762551816758375,12.113966097586813
397,STARLINK-3808,52366,2,2026-10-03 18:13:00.741888+00:00,54.47209575566361,2026-10-03 18:12:58.023723+00:00,43.779086454283934,11.924481481576947
398,STARLINK-3357,51150,2,2026-10-03 06:51:00.741888+00:00,43.82564338928533,2026-10-03 06:51:00.519300+00:00,43.808502176485554,5.505835635205105
399,STARLINK-3856,52459,2,2026-10-03 09:20:00.741888+00:00,59.819415218420794,2026-10-03 09:19:54.823916+00:00,43.81136724195736,6.882149552569201
400,STARLINK-38148,100199,2,2026-10-05 21:18:20.741888+00:00,63.17487677900491,2026-10-05 21:18:13.193953+00:00,43.82911122945092,6.0278039847471705
401,STARLINK-32323,61677,2,2026-10-04 20:58:00.741888+00:00,85.36673983884036,2026-10-04 20:57:51.043571+00:00,43.88083865724859,7.55023475774848
402,STARLINK-38001,69828,3,2026-10-04 14:56:20.741888+00:00,43.99922087353416,2026-10-04 14:56:21.010535+00:00,43.8880079269426,11.6373110495465
403,STARLINK-4278,53182,2,2026-10-04 04:05:20.741888+00:00,81.45899365167477,2026-10-04 04:05:26.675735+00:00,43.95851163087449,11.557321820719524
404,STARLINK-35094,65395,2,2026-10-04 14:25:00.741888+00:00,50.44082826390941,2026-10-04 14:24:57.002765+00:00,43.98507333471793,6.602812056696417
405,STARLINK-37937,69944,2,2026-10-03 17:15:40.741888+00:00,87.71773882647318,2026-10-03 17:15:47.239036+00:00,43.992501243217234,11.680187982748254
406,STARLINK-3547,51889,2,2026-10-05 07:35:00.741888+00:00,44.01155279361794,2026-10-05 07:35:03.180704+00:00,43.99803090569058,0.4442509125338184
407,STARLINK-4617,53675,2,2026-10-05 05:58:00.741888+00:00,53.3175209826566,2026-10-05 05:58:04.765153+00:00,44.03064351050266,7.473167143318983
408,STARLINK-32258,60939,2,2026-10-03 09:25:40.741888+00:00,54.74916565515431,2026-10-03 09:25:43.893717+00:00,44.05657119179675,10.31247066090995
409,STARLINK-37743,69339,6,2026-10-04 22:05:40.741888+00:00,45.626050855686735,2026-10-04 22:05:39.934688+00:00,44.0579467273727,14.691257597648924
410,STARLINK-4484,53417,3,2026-10-03 07:55:20.741888+00:00,53.29585199168776,2026-10-03 07:55:23.441349+00:00,44.06728007385645,11.10407952603931
411,STARLINK-36741,67727,4,2026-10-05 23:03:00.741888+00:00,109.78898276096434,2026-10-05 23:02:53.581773+00:00,44.11539709742846,14.041083992639585
412,STARLINK-37485,69376,2,2026-10-03 23:07:40.741888+00:00,60.12103091522886,2026-10-03 23:07:49.920305+00:00,44.16989827169838,4.443514636753686
413,STARLINK-37862,69551,6,2026-10-04 08:07:20.741888+00:00,55.7392388271057,2026-10-04 08:07:18.432972+00:00,44.179007553985734,14.719500536103606
414,STARLINK-34976,65209,3,2026-10-03 11:02:20.741888+00:00,52.379205108292275,2026-10-03 11:02:18.272389+00:00,44.241226928424794,11.354733846150124
415,STARLINK-33807,63518,2,2026-10-05 10:14:00.741888+00:00,44.455494797108834,2026-10-05 10:14:01.110332+00:00,44.27799173883267,10.771322703998392
416,STARLINK-4434,53501,3,2026-10-03 11:37:00.741888+00:00,101.48778882613634,2026-10-03 11:36:52.058594+00:00,44.28383705047179,10.516353916382627
417,STARLINK-5099,54009,2,2026-10-04 19:04:40.741888+00:00,48.61350094684672,2026-10-04 19:04:38.935210+00:00,44.28427435039802,11.099985293745018
418,OUTPOST MISSION 2,58334,2,2026-10-05 02:16:40.741888+00:00,100.68316522322169,2026-10-05 02:16:33.183314+00:00,44.31281917080708,11.960826303502643
419,STARLINK-3626,51792,2,2026-10-05 00:03:00.741888+00:00,44.393295721589006,2026-10-05 00:03:04.207422+00:00,44.35723573837281,0.512043210340089
420,STARLINK-33809,63508,2,2026-10-05 11:01:00.741888+00:00,69.16150360694571,2026-10-05 11:01:05.586722+00:00,44.35871565790971,10.952231380534043
421,STARLINK-37266,68780,7,2026-10-03 15:07:00.741888+00:00,44.46183306841613,2026-10-03 15:07:00.937909+00:00,44.36838796472431,14.697828080630721
422,STARLINK-34684,64862,2,2026-10-04 15:53:00.741888+00:00,49.988021465568295,2026-10-04 15:52:56.932414+00:00,44.38134714696371,6.037801064354712
423,STARLINK-37656,69649,5,2026-10-04 12:53:20.741888+00:00,124.01571881298746,2026-10-04 12:53:28.720522+00:00,44.38847678674802,14.513764635955825
424,STARLINK-37477,68912,2,2026-10-04 20:26:20.741888+00:00,47.98726433578634,2026-10-04 20:26:17.693219+00:00,44.409607901789336,5.963327871155443
425,STARLINK-36350,67572,4,2026-10-06 02:10:40.741888+00:00,60.76184683046309,2026-10-06 02:10:37.725529+00:00,44.41172868156787,13.747583033395749
426,STARLINK-30600,58100,3,2026-10-03 13:24:20.741888+00:00,77.27371292418621,2026-10-03 13:24:15.368687+00:00,44.41924214949406,11.767773364034475
427,STARLINK-4476,53419,2,2026-10-06 02:29:20.741888+00:00,65.48848474014379,2026-10-06 02:29:25.237002+00:00,44.42928826625641,10.70307616785134
428,STARLINK-34160,64119,2,2026-10-04 03:47:00.741888+00:00,45.536958870634635,2026-10-04 03:47:10.503889+00:00,44.442895050711655,1.0149923750566714
429,STARLINK-4373,53219,4,2026-10-05 23:04:00.741888+00:00,85.33405086293435,2026-10-05 23:03:55.502253+00:00,44.48020206459074,13.898678763624995
430,STARLINK-5154,54176,2,2026-10-03 16:56:20.741888+00:00,44.76699451656533,2026-10-03 16:56:26.020229+00:00,44.49251054089706,0.936137299557768
431,PELICAN-3,65315,4,2026-10-03 08:21:20.741888+00:00,81.9785916950872,2026-10-03 08:21:25.749194+00:00,44.49508057805689,13.750470506317242
432,STARLINK-36934,68279,2,2026-10-04 13:03:00.741888+00:00,55.6968926211455,2026-10-04 13:02:54.729871+00:00,44.515321999601504,5.567696520349341
433,STARLINK-31046,58552,2,2026-10-03 18:35:20.741888+00:00,44.85751051124733,2026-10-03 18:35:21.832262+00:00,44.518987755589585,5.0443187679334445
434,STARLINK-34979,65254,6,2026-10-03 18:15:00.741888+00:00,110.40751381460085,2026-10-03 18:14:53.846316+00:00,44.531402182622344,14.651217847192873
435,FENGYUN 3G,56232,4,2026-10-05 00:47:00.741888+00:00,45.34961710985765,2026-10-05 00:46:57.158384+00:00,44.544436448813315,2.3745939033030625
436,STARLINK-4690,53604,2,2026-10-04 14:29:20.741888+00:00,74.59637811326891,2026-10-04 14:29:14.751891+00:00,44.57153617739106,9.98598745716504
437,STARLINK-3785,52375,2,2026-10-04 14:19:40.741888+00:00,102.98358307950339,2026-10-04 14:19:48.471208+00:00,44.57446502548617,12.011068335080042
438,STARLINK-37533,69130,2,2026-10-04 17:20:20.741888+00:00,68.88194980543577,2026-10-04 17:20:29.547191+00:00,44.5912563475002,5.96210171461581
439,STARLINK-35197,66193,2,2026-10-04 14:27:20.741888+00:00,97.28109908467117,2026-10-04 14:27:12.701701+00:00,44.6003753470306,10.752843896844583
440,STARLINK-37771,69439,2,2026-10-03 13:34:40.741888+00:00,53.44764583908961,2026-10-03 13:34:45.531572+00:00,44.60471040878816,6.147496681169689
441,STARLINK-30596,58110,3,2026-10-03 18:49:40.741888+00:00,82.30216381304808,2026-10-03 18:49:34.880631+00:00,44.62270604716749,11.798612383639483
442,STARLINK-36577,67583,4,2026-10-03 19:55:00.741888+00:00,109.45005461709033,2026-10-03 19:55:07.765748+00:00,44.62430040983035,14.228623347156828
443,STARLINK-34586,64950,2,2026-10-03 18:13:00.741888+00:00,59.54319253034324,2026-10-03 18:12:54.275532+00:00,44.63083068263569,6.094962983962045
444,STARLINK-36638,67594,4,2026-10-04 06:47:40.741888+00:00,121.56483176953392,2026-10-04 06:47:32.655198+00:00,44.636346962649235,13.982700084569428
445,STARLINK-3885,52463,2,2026-10-05 06:13:20.741888+00:00,73.15085536889265,2026-10-05 06:13:30.363847+00:00,44.65019090696157,6.021883964255602
446,STARLINK-5264,54206,2,2026-10-05 20:03:40.741888+00:00,45.262381577152624,2026-10-05 20:03:43.035496+00:00,44.670669242805126,3.180173231221884
447,STARLINK-37455,69299,6,2026-10-05 19:47:20.741888+00:00,96.48782789128192,2026-10-05 19:47:14.915813+00:00,44.68459817886234,14.678300874810304
448,STARLINK-33792,63506,2,2026-10-05 16:26:20.741888+00:00,66.06588679111384,2026-10-05 16:26:16.297269+00:00,44.71412002217792,10.94225941623296
449,STARLINK-34520,64486,2,2026-10-05 10:57:20.741888+00:00,98.90957933998516,2026-10-05 10:57:29.898656+00:00,44.741642946896775,9.633480125642897
450,STARLINK-33571,63386,2,2026-10-04 16:16:20.741888+00:00,51.03647717079777,2026-10-04 16:16:15.894507+00:00,44.77536329986691,5.052455813076375
451,STARLINK-37738,69316,6,2026-10-03 16:34:40.741888+00:00,132.99966132900846,2026-10-03 16:34:49.245772+00:00,44.77763788958178,14.726898452839922
452,STARLINK-34221,64453,2,2026-10-05 08:34:40.741888+00:00,84.53045065038859,2026-10-05 08:34:31.029929+00:00,44.833690525946025,7.378481919179937
453,STARLINK-33786,63514,2,2026-10-05 05:35:40.741888+00:00,112.00353994270672,2026-10-05 05:35:50.126408+00:00,44.83466211705047,10.937011819482994
454,STARLINK-37856,69491,7,2026-10-04 14:16:20.741888+00:00,107.57733736623962,2026-10-04 14:16:27.378775+00:00,44.90626428402504,14.729227756286805
455,STARLINK-37066,68081,3,2026-10-03 09:34:00.741888+00:00,51.34366806147722,2026-10-03 09:34:02.816722+00:00,44.90817446644404,11.995144316440248
456,STARLINK-37741,100297,2,2026-10-05 22:30:40.741888+00:00,52.153888758797564,2026-10-05 22:30:37.084745+00:00,44.92589642668785,7.242999553715561
457,STARLINK-35139,66380,2,2026-10-04 15:54:20.741888+00:00,51.08985383410495,2026-10-04 15:54:18.696151+00:00,44.94476218708311,11.874746247649504
458,STARLINK-37201,69220,6,2026-10-04 12:41:00.741888+00:00,91.79162141107435,2026-10-04 12:40:55.302284+00:00,44.95165306549479,14.71268144113082
459,STARLINK-35427,66110,2,2026-10-03 16:20:40.741888+00:00,60.03614522920446,2026-10-03 16:20:45.267121+00:00,44.96392248326928,8.790871243432305
460,2023-085Y,57026,3,2026-10-06 03:07:00.741888+00:00,49.45160092975469,2026-10-06 03:07:02.747086+00:00,44.99392857403734,10.23254784140341
461,STARLINK-37041,68104,3,2026-10-05 20:09:40.741888+00:00,79.45729455541131,2026-10-05 20:09:45.642299+00:00,45.04597692621334,13.356878504656295
462,STARLINK-30812,58168,3,2026-10-04 17:28:20.741888+00:00,97.7252835655637,2026-10-04 17:28:28.131404+00:00,45.0546456329998,11.735528899267802
463,STARLINK-33924,64149,5,2026-10-04 14:28:00.741888+00:00,111.88984167412356,2026-10-04 14:27:53.640003+00:00,45.05609949411571,14.421133942156521
464,STARLINK-3297,50159,2,2026-10-05 06:00:40.741888+00:00,92.70333772798851,2026-10-05 06:00:50.003931+00:00,45.0688788612414,8.746559684727018
465,STARLINK-3678,52121,2,2026-10-06 04:43:20.741888+00:00,47.87504195080998,2026-10-06 04:43:22.742128+00:00,45.07037455645189,8.071523719981707
466,STARLINK-3999,52704,2,2026-10-04 15:41:40.741888+00:00,122.19587384380388,2026-10-04 15:41:50.650203+00:00,45.0714977160557,11.463206749319895
467,STARLINK-35965,66631,2,2026-10-05 04:48:40.741888+00:00,101.51249761668619,2026-10-05 04:48:49.182015+00:00,45.112330760422395,10.774428800063676
468,STARLINK-37236,68781,6,2026-10-03 22:52:20.741888+00:00,66.43368026719106,2026-10-03 22:52:24.062974+00:00,45.12329378590802,14.68116059578397
469,STARLINK-36347,68521,2,2026-10-03 20:16:20.741888+00:00,73.62286719812924,2026-10-03 20:16:15.121169+00:00,45.124724358874396,10.349607542332242
470,STARLINK-5453,54773,2,2026-10-03 17:02:40.741888+00:00,67.7915875619252,2026-10-03 17:02:50.084270+00:00,45.13902928670802,5.413655558149373
471,STARLINK-37940,69690,2,2026-10-04 23:36:40.741888+00:00,74.96260096441151,2026-10-04 23:36:50.717462+00:00,45.15409296377225,5.998126611338847
472,STARLINK-37782,69342,6,2026-10-05 22:55:00.741888+00:00,146.19262398028366,2026-10-05 22:55:10.251850+00:00,45.155575582915056,14.621015180220164
473,STARLINK-35361,65667,4,2026-10-05 13:41:00.741888+00:00,127.45132796677977,2026-10-05 13:41:08.990498+00:00,45.16941936955152,14.448398549441496
474,STARLINK-32646,62307,3,2026-10-03 21:58:40.741888+00:00,54.85032555274585,2026-10-03 21:58:38.165903+00:00,45.18430772138137,12.071165616859101
475,STARLINK-3647,51994,1,2026-10-03 06:09:40.741888+00:00,53.05468699674642,2026-10-03 06:09:50.037105+00:00,45.19170278433271,2.9896727653796358
476,STARLINK-35521,65916,2,2026-10-03 07:59:00.741888+00:00,75.56245003238762,2026-10-03 07:59:05.875836+00:00,45.19993879304268,11.794478501971708
477,STARLINK-34440,64614,1,2026-10-03 06:06:20.741888+00:00,45.25894261576923,2026-10-03 06:06:20.147223+00:00,45.200399691162374,3.8694076539076083
478,STARLINK-31491,59011,2,2026-10-04 01:35:20.741888+00:00,45.275982224651,2026-10-04 01:35:20.390584+00:00,45.21459064974459,6.708876064912609
479,STARLINK-35263,65597,4,2026-10-03 19:56:00.741888+00:00,88.45056750610871,2026-10-03 19:56:06.129928+00:00,45.219947578102655,14.108491141865782
480,STARLINK-3801,52356,2,2026-10-03 18:13:40.741888+00:00,82.09736183229907,2026-10-03 18:13:46.528493+00:00,45.22680042499087,11.840507234973492
481,STARLINK-35095,65425,2,2026-10-04 20:36:40.741888+00:00,45.91837663927606,2026-10-04 20:36:41.430360+00:00,45.25342684237591,11.309161958926964
482,STARLINK-36877,67896,2,2026-10-06 03:50:00.741888+00:00,87.14731753785728,2026-10-06 03:49:54.488981+00:00,45.264838940878874,11.909553161220174
483,STARLINK-37728,69221,6,2026-10-05 05:45:00.741888+00:00,69.82036461698445,2026-10-05 05:45:04.351259+00:00,45.26519341860351,14.728097944754106
484,STARLINK-32314,61709,2,2026-10-04 20:12:40.741888+00:00,81.0056523601927,2026-10-04 20:12:48.621752+00:00,45.28059581688837,8.523886088187293
485,STARLINK-37028,68270,2,2026-10-03 20:01:00.741888+00:00,59.187704498178974,2026-10-03 20:00:53.742221+00:00,45.28313973859189,5.444816878274948
486,2025-313B,67249,1,2026-10-03 14:29:20.741888+00:00,72.25081031269735,2026-10-03 14:29:16.831141+00:00,45.28409139485065,14.395622149577008
487,STARLINK-37906,100476,2,2026-10-04 14:44:00.741888+00:00,50.73473478013452,2026-10-04 14:44:04.693491+00:00,45.285515792049736,5.788447098896291
488,STARLINK-35633,66162,2,2026-10-04 04:39:20.741888+00:00,68.28590611411853,2026-10-04 04:39:30.555315+00:00,45.3007879478517,5.206369880962054
489,STARLINK-37831,69489,6,2026-10-03 21:12:20.741888+00:00,75.39611346039929,2026-10-03 21:12:16.647161+00:00,45.306480795813584,14.717654941215649
490,STARLINK-34879,65377,2,2026-10-03 08:00:00.741888+00:00,115.75322120463328,2026-10-03 07:59:51.777621+00:00,45.37149562498073,11.879461243034575
491,STARLINK-35580,66155,2,2026-10-04 10:51:00.741888+00:00,47.0689206088321,2026-10-04 10:50:58.243439+00:00,45.375297514060534,5.007658971601264
492,STARLINK-32850,62950,2,2026-10-03 15:11:00.741888+00:00,106.28520492889015,2026-10-03 15:11:09.224592+00:00,45.37701373542897,11.330277252937442
493,STARLINK-35801,66265,2,2026-10-05 13:29:40.741888+00:00,102.35697869841596,2026-10-05 13:29:48.314791+00:00,45.379522432462956,12.115301263283543
494,STARLINK-37045,68074,3,2026-10-05 21:12:00.741888+00:00,62.719974269741066,2026-10-05 21:11:57.141341+00:00,45.38525445370728,12.022934587387654
495,STARLINK-2406,47821,2,2026-10-04 00:30:20.741888+00:00,67.41882123843823,2026-10-04 00:30:25.316016+00:00,45.392657863828525,10.897593175027216
496,STARLINK-37468,68857,6,2026-10-05 07:16:40.741888+00:00,70.26252954571449,2026-10-05 07:16:44.385009+00:00,45.393393824624624,14.72099235820921
497,STARLINK-37838,69654,6,2026-10-03 13:37:20.741888+00:00,87.57196807035417,2026-10-03 13:37:25.866145+00:00,45.394938481502344,14.61426168886087
498,STARLINK-32035,60107,2,2026-10-04 05:23:20.741888+00:00,48.882052770855935,2026-10-04 05:23:13.892692+00:00,45.41796790879376,2.638268606998714
499,STARLINK-37584,69844,3,2026-10-05 23:27:40.741888+00:00,45.76657129281441,2026-10-05 23:27:40.267224+00:00,45.43167822634406,11.642657127515063
500,STARLINK-31468,58998,2,2026-10-06 01:35:40.741888+00:00,68.62020380626511,2026-10-06 01:35:48.370610+00:00,45.43874903315232,6.7400746149725395
501,STARLINK-34970,65450,2,2026-10-04 18:58:40.741888+00:00,50.461613678261855,2026-10-04 18:58:44.379442+00:00,45.43954634168315,6.032793169263731
502,STARLINK-37844,100028,3,2026-10-06 04:11:40.741888+00:00,63.70638547984533,2026-10-06 04:11:44.427777+00:00,45.464194755400385,12.107187582610518
503,STARLINK-30784,58156,3,2026-10-06 02:00:00.741888+00:00,92.61147534612435,2026-10-06 01:59:53.852311+00:00,45.46625645910712,11.710865820052923
504,STARLINK-30421,58107,2,2026-10-05 21:53:20.741888+00:00,119.32666533007571,2026-10-05 21:53:11.036170+00:00,45.47858937098224,11.366565916942333
505,STARLINK-37703,100418,2,2026-10-04 14:05:20.741888+00:00,52.274834517165765,2026-10-04 14:05:23.178684+00:00,45.5341064902667,10.536938419423679
506,STARLINK-3658,52107,2,2026-10-06 03:57:00.741888+00:00,64.50992347265105,2026-10-06 03:57:06.305935+00:00,45.534973719921155,8.212526815752327
507,STARLINK-35420,66260,2,2026-10-03 19:57:20.741888+00:00,46.70785104173022,2026-10-03 19:57:19.494981+00:00,45.53536278440192,8.340119915666044
508,STARLINK-37714,100040,3,2026-10-03 21:59:20.741888+00:00,62.95537471596921,2026-10-03 21:59:24.334363+00:00,45.53542700539771,12.100971432879081
509,STARLINK-37055,68147,7,2026-10-05 10:26:20.741888+00:00,59.52312869262197,2026-10-05 10:26:23.345157+00:00,45.537885389363645,14.724238785402484
510,STARLINK-37157,68394,2,2026-10-04 07:01:20.741888+00:00,55.18359544945196,2026-10-04 07:01:24.147234+00:00,45.56012744121816,9.143256524226654
511,STARLINK-30607,58099,3,2026-10-04 14:56:00.741888+00:00,83.2359680145038,2026-10-04 14:55:54.716887+00:00,45.575177100401554,11.560071605543218
512,STARLINK-37504,68913,2,2026-10-03 08:46:00.741888+00:00,63.35737133375873,2026-10-03 08:46:07.881514+00:00,45.587683668083486,6.162319723210993
513,STARLINK-34701,64953,2,2026-10-05 12:05:00.741888+00:00,46.821901923427006,2026-10-05 12:05:02.368322+00:00,45.61866034574256,6.4841294750336615
514,STARLINK-34746,64847,2,2026-10-06 03:33:00.741888+00:00,46.58100580448819,2026-10-06 03:32:59.268358+00:00,45.64180903356983,6.315650351234759
515,STARLINK-37666,69046,2,2026-10-04 11:15:00.741888+00:00,70.25844033069066,2026-10-04 11:14:51.962954+00:00,45.660958977166565,6.082240051812259
516,STARLINK-4763,53805,2,2026-10-05 13:44:20.741888+00:00,73.3877363491581,2026-10-05 13:44:14.643955+00:00,45.67033526388631,9.42028806084986
517,STARLINK-32859,62861,2,2026-10-04 17:57:00.741888+00:00,108.78376300069255,2026-10-04 17:57:10.272432+00:00,45.69815971972902,10.358267406960076
518,STARLINK-31050,58546,2,2026-10-04 00:00:40.741888+00:00,54.32891654058718,2026-10-04 00:00:34.919723+00:00,45.71957025482053,5.04040448144425
519,STARLINK-34202,64174,2,2026-10-06 05:29:40.741888+00:00,60.75392348623141,2026-10-06 05:29:35.689957+00:00,45.72920856775603,7.917295075517722
520,STARLINK-36563,67550,2,2026-10-04 11:24:00.741888+00:00,48.230861844581334,2026-10-04 11:24:02.699910+00:00,45.778985616788134,7.753641698918087
521,STARLINK-4517,53390,3,2026-10-05 13:22:00.741888+00:00,67.03469596408105,2026-10-05 13:21:56.409084+00:00,45.79537132265353,11.298232928370602
522,STARLINK-3397,51115,2,2026-10-03 23:06:00.741888+00:00,74.19795097884518,2026-10-03 23:06:10.538389+00:00,45.80393764753765,5.95833312747786
523,STARLINK-32843,62814,2,2026-10-04 20:46:40.741888+00:00,75.30778064518809,2026-10-04 20:46:50.468264+00:00,45.81665465959727,6.144551564254054
524,STARLINK-38222,100101,7,2026-10-05 11:58:00.741888+00:00,74.94458040846132,2026-10-05 11:58:04.767675+00:00,45.831446970308896,14.729257090474622
525,STARLINK-33636,63379,2,2026-10-05 20:53:00.741888+00:00,46.781226245791196,2026-10-05 20:53:03.820810+00:00,45.84757241804965,3.0204685595945535
526,STARLINK-35159,65461,1,2026-10-03 05:57:20.741888+00:00,76.48179126641696,2026-10-03 05:57:26.723046+00:00,45.867196272553855,10.232406999611754
527,STARLINK-34296,64216,2,2026-10-03 11:35:00.741888+00:00,47.27821976266586,2026-10-03 11:35:04.512827+00:00,45.8898841071486,3.015141140859136
528,STARLINK-2358,47898,2,2026-10-05 04:26:40.741888+00:00,48.92608435965509,2026-10-05 04:26:38.951526+00:00,45.90115034254476,9.45958734883187
529,STARLINK-5426,54802,2,2026-10-03 21:35:20.741888+00:00,46.25346383440896,2026-10-03 21:35:14.768356+00:00,45.90244527329456,0.9502375970870897
530,STARLINK-32197,60416,2,2026-10-04 11:19:20.741888+00:00,117.09596958918097,2026-10-04 11:19:11.217703+00:00,45.908083607999956,11.310301613437824
531,STARLINK-36357,67963,6,2026-10-04 21:56:00.741888+00:00,147.17333380613667,2026-10-04 21:55:51.208412+00:00,45.9101405324546,14.667298450664706
532,STARLINK-30405,57851,2,2026-10-04 05:15:00.741888+00:00,77.91696631194517,2026-10-04 05:14:53.169600+00:00,45.918095391892415,8.31288469881732
533,STARLINK-32543,63364,2,2026-10-05 20:54:00.741888+00:00,47.194693341882804,2026-10-05 20:53:57.935031+00:00,45.91816214896833,3.8835275302012624
534,STARLINK-36296,68380,2,2026-10-04 02:23:00.741888+00:00,51.24849328794497,2026-10-04 02:22:58.215985+00:00,45.91893055181005,9.008985120643672
535,KUIPER-00032,63745,4,2026-10-05 09:59:00.741888+00:00,48.61054318494989,2026-10-05 09:59:06.005967+00:00,45.94057406133019,3.018448147855593
536,STARLINK-3507,51753,2,2026-10-04 06:52:20.741888+00:00,60.927963046785464,2026-10-04 06:52:12.077926+00:00,46.022822428878435,4.608032684797011
537,STARLINK-31869,60196,2,2026-10-04 06:52:00.741888+00:00,66.1414154804085,2026-10-04 06:51:51.170713+00:00,46.05346970048631,4.959659721515192
538,STARLINK-32343,61712,2,2026-10-04 14:47:40.741888+00:00,63.63500363065859,2026-10-04 14:47:35.596436+00:00,46.05801828246687,8.533568566884215
539,STARLINK-3606,51807,2,2026-10-04 13:54:20.741888+00:00,46.959877478652295,2026-10-04 13:54:27.236432+00:00,46.06534985936678,1.4027098978055141
540,STARLINK-30313,57676,2,2026-10-03 16:39:20.741888+00:00,100.14972191179429,2026-10-03 16:39:13.326780+00:00,46.0671013096585,11.99254624942842
541,STARLINK-32641,62236,2,2026-10-04 03:29:40.741888+00:00,46.99478201606552,2026-10-04 03:29:39.967699+00:00,46.068694628735216,11.991273300659204
542,GLOBAL-31,63027,3,2026-10-04 18:42:20.741888+00:00,53.31341895569725,2026-10-04 18:42:18.222020+00:00,46.0734359464639,10.645174537215826
543,STARLINK-5290,54157,1,2026-10-03 06:10:20.741888+00:00,46.086694744142555,2026-10-03 06:10:21.012046+00:00,46.07748336233543,3.4101354490460603
544,STARLINK-37928,69955,3,2026-10-04 04:06:20.741888+00:00,81.59177916938295,2026-10-04 04:06:14.979303+00:00,46.101922449094936,11.681963035671455
545,STARLINK-34493,64472,2,2026-10-06 03:13:00.741888+00:00,83.47543480686069,2026-10-06 03:13:07.969192+00:00,46.10684451546452,9.628181400657258
546,STARLINK-35536,66261,2,2026-10-05 12:13:20.741888+00:00,77.28727565229833,2026-10-05 12:13:13.285326+00:00,46.10776104204885,8.31829926603975
547,STARLINK-35724,66279,3,2026-10-04 21:14:20.741888+00:00,98.17983519931977,2026-10-04 21:14:27.889132+00:00,46.1592247090281,12.123797367714833
548,STARLINK-4047,53243,3,2026-10-04 01:13:20.741888+00:00,94.1283928524025,2026-10-04 01:13:13.709619+00:00,46.16183615422994,11.665009126542943
549,STARLINK-5450,54778,2,2026-10-05 05:24:40.741888+00:00,49.941197003241896,2026-10-05 05:24:35.584154+00:00,46.16435625165103,3.6931590374134275
550,STARLINK-34331,64204,2,2026-10-03 17:46:20.741888+00:00,53.51225919465195,2026-10-03 17:46:30.393695+00:00,46.16743119371394,2.8025327828569973
551,STARLINK-37759,69223,6,2026-10-05 22:49:20.741888+00:00,112.91058465838451,2026-10-05 22:49:13.745346+00:00,46.180156013048155,14.72654201059134
552,STARLINK-2575,48396,2,2026-10-04 03:47:00.741888+00:00,46.31828029331465,2026-10-04 03:47:01.624929+00:00,46.18336091171632,4.000004450395711
553,STARLINK-5233,54160,2,2026-10-06 00:43:40.741888+00:00,46.19662069730544,2026-10-06 00:43:40.627158+00:00,46.19591860878297,2.218547200728468
554,STARLINK-37185,68340,2,2026-10-04 12:19:00.741888+00:00,48.326536024746176,2026-10-04 12:19:05.421841+00:00,46.20696915571048,3.0237878012913844
555,STARLINK-36717,67743,3,2026-10-03 07:28:40.741888+00:00,109.6650570224649,2026-10-03 07:28:33.876215+00:00,46.21592726956114,14.485256628647345
556,STARLINK-37830,69664,4,2026-10-05 18:21:20.741888+00:00,62.65161731617593,2026-10-05 18:21:23.689392+00:00,46.229582776718495,14.34603192202319
557,STARLINK-37884,69655,4,2026-10-05 10:36:00.741888+00:00,64.24625986833846,2026-10-05 10:36:03.839396+00:00,46.25196230934829,14.395584165540182
558,STARLINK-34878,65334,2,2026-10-06 01:57:20.741888+00:00,88.72777155764778,2026-10-06 01:57:14.425278+00:00,46.26196748381728,11.986210492515116
559,STARLINK-38281,100322,2,2026-10-04 17:30:40.741888+00:00,50.280777417916376,2026-10-04 17:30:43.711521+00:00,46.309573908625495,6.594852292137027
560,STARLINK-35813,66361,2,2026-10-04 00:28:40.741888+00:00,46.90691053403758,2026-10-04 00:28:40.088394+00:00,46.31851946082659,11.333177571747115
561,STARLINK-34891,65373,3,2026-10-04 00:15:00.741888+00:00,99.41679055396817,2026-10-04 00:15:08.182370+00:00,46.31934390929238,11.822777009416246
562,STARLINK-30605,58101,3,2026-10-04 21:55:40.741888+00:00,53.60185020525397,2026-10-04 21:55:43.028886+00:00,46.3238261637698,11.791675053622667
563,STARLINK-37057,68161,6,2026-10-04 08:03:20.741888+00:00,108.84601338869199,2026-10-04 08:03:27.430821+00:00,46.33490697447335,14.72449771286445
564,STARLINK-33596,62758,2,2026-10-05 12:17:20.741888+00:00,46.73218383345294,2026-10-05 12:17:19.588137+00:00,46.38805201906061,4.905985086765056
565,STARLINK-5436,54795,2,2026-10-05 11:36:00.741888+00:00,46.72787272906603,2026-10-05 11:36:02.311926+00:00,46.406229096228344,3.4852673844102973
566,STARLINK-38243,100253,5,2026-10-05 22:14:20.741888+00:00,109.58162542038774,2026-10-05 22:14:13.795230+00:00,46.40691513932521,14.290339243454378
567,STARLINK-36686,68719,2,2026-10-05 08:28:40.741888+00:00,46.63962043423218,2026-10-05 08:28:42.789951+00:00,46.41312538302966,2.2403834776389857
568,STARLINK-30320,57678,2,2026-10-05 13:30:40.741888+00:00,85.24627765923951,2026-10-05 13:30:34.842290+00:00,46.43333051785811,12.11782478223024
569,STARLINK-31979,59964,2,2026-10-03 22:28:00.741888+00:00,46.464629960790894,2026-10-03 22:28:00.576731+00:00,46.45613010688935,5.380579100928876
570,STARLINK-34916,65427,2,2026-10-05 07:27:00.741888+00:00,96.38184171557378,2026-10-05 07:27:08.210298+00:00,46.474354551295264,11.305785432356801
571,STARLINK-37890,69533,2,2026-10-04 21:41:00.741888+00:00,48.85710205822801,2026-10-04 21:41:03.948383+00:00,46.481870617809335,4.69252701294355
572,STARLINK-35253,65596,4,2026-10-04 09:53:20.741888+00:00,48.13790037304652,2026-10-04 09:53:21.633848+00:00,46.493074835086055,13.987111494982743
573,STARLINK-3523,51729,2,2026-10-04 23:55:20.741888+00:00,48.247460727509846,2026-10-04 23:55:17.218103+00:00,46.498678331956015,3.652554796361922
574,YAOGAN-35 04B,53524,3,2026-10-06 04:24:40.741888+00:00,64.81356648477055,2026-10-06 04:24:34.057495+00:00,46.500013608872045,6.754558563403734
575,STARLINK-1152,45096,2,2026-10-03 22:44:00.741888+00:00,66.82070549458655,2026-10-03 22:44:04.732885+00:00,46.504373917684205,12.022642603977006
576,STARLINK-35044,65536,3,2026-10-05 12:15:20.741888+00:00,47.42179451852516,2026-10-05 12:15:21.425145+00:00,46.508303002718776,13.557068199838925
577,STARLINK-3196,49768,2,2026-10-03 17:15:00.741888+00:00,53.198246725534126,2026-10-03 17:14:58.507652+00:00,46.51643912085067,11.552893020227664
578,STARLINK-34948,65191,2,2026-10-05 21:26:20.741888+00:00,73.37752511437543,2026-10-05 21:26:12.877360+00:00,46.529093164135155,7.214365554583228
579,STARLINK-31031,58711,2,2026-10-04 23:41:40.741888+00:00,97.49441146307771,2026-10-04 23:41:33.289877+00:00,46.53237496782205,11.496684784631386
580,STARLINK-30297,57682,3,2026-10-03 22:04:20.741888+00:00,92.66466415395728,2026-10-03 22:04:27.422248+00:00,46.54159396349036,11.994582973752639
581,STARLINK-3712,52090,2,2026-10-04 03:11:40.741888+00:00,47.47292622232749,2026-10-04 03:11:39.717990+00:00,46.55353797227832,9.08039178815059
582,STARLINK-37621,69830,3,2026-10-05 12:37:20.741888+00:00,79.68200863911599,2026-10-05 12:37:15.187462+00:00,46.561482598128315,11.641538652539204
583,STARLINK-30548,58046,3,2026-10-03 13:24:40.741888+00:00,47.306262068244045,2026-10-03 13:24:40.034712+00:00,46.56221624393185,11.817579881752675
584,STARLINK-34523,64475,2,2026-10-04 07:51:00.741888+00:00,47.8227401974287,2026-10-04 07:50:59.585864+00:00,46.57864113938095,9.374346896606088
585,STARLINK-35324,65838,2,2026-10-05 07:48:20.741888+00:00,58.98025438085994,2026-10-05 07:48:15.953469+00:00,46.593110665255104,7.551990587086348
586,STARLINK-37192,68342,2,2026-10-05 04:34:40.741888+00:00,51.12714631838083,2026-10-05 04:34:47.722243+00:00,46.596531505535395,3.014001762173273
587,STARLINK-37470,68820,2,2026-10-03 15:02:20.741888+00:00,50.205798299656365,2026-10-03 15:02:23.891974+00:00,46.60186260215011,5.929176278914067
588,STARLINK-30267,57663,3,2026-10-04 08:54:40.741888+00:00,80.8013449615462,2026-10-04 08:54:35.248617+00:00,46.607974418280634,12.01533178283463
589,STARLINK-4275,53008,2,2026-10-04 00:06:00.741888+00:00,46.85866374787913,2026-10-04 00:06:01.262544+00:00,46.613136362446035,9.200936421394855
590,STARLINK-37458,100033,3,2026-10-03 11:09:00.741888+00:00,70.02226723042827,2026-10-03 11:08:56.424501+00:00,46.62396962258143,12.100445940749253
591,STARLINK-3709,52102,2,2026-10-03 08:35:20.741888+00:00,84.09924458051731,2026-10-03 08:35:12.193632+00:00,46.63516935642172,8.186805783794908
592,STARLINK-30414,57859,2,2026-10-04 02:09:00.741888+00:00,47.11982984831785,2026-10-04 02:08:59.951394+00:00,46.65320287824401,8.36786355407738
593,STARLINK-37766,69216,6,2026-10-03 11:51:20.741888+00:00,72.30207025780187,2026-10-03 11:51:24.509696+00:00,46.65402845202055,14.65980206968186
594,STARLINK-34835,65336,3,2026-10-04 19:45:00.741888+00:00,46.86085235329081,2026-10-04 19:45:00.376582+00:00,46.65480794010748,12.015975681678148
595,STARLINK-35791,66896,2,2026-10-03 09:59:40.741888+00:00,47.597634137269644,2026-10-03 09:59:33.703828+00:00,46.66052939109755,1.3333593528722674
596,STARLINK-32816,63050,1,2026-10-03 05:59:00.741888+00:00,54.12694161063888,2026-10-03 05:59:03.635125+00:00,46.66236027406763,9.480292312046991
597,STARLINK-35726,66280,2,2026-10-06 00:20:20.741888+00:00,95.75617404408638,2026-10-06 00:20:13.840821+00:00,46.67524438796637,12.115554330898242
598,STARLINK-3293,50176,2,2026-10-04 17:36:20.741888+00:00,67.82912603949067,2026-10-04 17:36:15.530205+00:00,46.676998743838254,9.442873373467686
599,STARLINK-37488,68859,6,2026-10-06 00:21:00.741888+00:00,121.74392004032438,2026-10-06 00:20:53.108686+00:00,46.69196960771319,14.729640869564019
600,STARLINK-4321,53082,2,2026-10-05 05:38:00.741888+00:00,55.24617188752773,2026-10-05 05:38:05.289716+00:00,46.70092292446624,6.489620965643625
601,STARLINK-31354,58942,2,2026-10-04 09:56:20.741888+00:00,50.365448881960646,2026-10-04 09:56:23.807109+00:00,46.70425947772664,6.14984035787529
602,STARLINK-34700,64922,2,2026-10-04 06:07:40.741888+00:00,46.74660435690201,2026-10-04 06:07:41.143079+00:00,46.733128315556286,2.7966478425784485
603,STARLINK-36784,67877,2,2026-10-04 08:54:00.741888+00:00,120.07807157987551,2026-10-04 08:54:09.927454+00:00,46.73706111597862,12.041636826910823
604,STARLINK-5025,53920,2,2026-10-03 16:56:40.741888+00:00,52.36369269411329,2026-10-03 16:56:46.922085+00:00,46.742031113936925,3.81860074746673
605,STARLINK-3786,52263,2,2026-10-05 06:21:20.741888+00:00,65.56067870400496,2026-10-05 06:21:25.047392+00:00,46.754516153902735,10.674291695865934
606,STARLINK-3592,51801,2,2026-10-05 14:45:20.741888+00:00,47.088206219239,2026-10-05 14:45:10.959791+00:00,46.7688446279127,0.5552153084877923
607,STARLINK-4766,53840,2,2026-10-04 19:14:00.741888+00:00,48.979591215846305,2026-10-04 19:13:58.351249+00:00,46.769058343738955,6.0851477684006055
608,STARLINK-31245,58891,2,2026-10-04 12:58:40.741888+00:00,53.3656422041599,2026-10-04 12:58:43.669572+00:00,46.802197990762465,8.757899155455911
609,YAOGAN-35 03C,53320,5,2026-10-05 00:55:40.741888+00:00,47.223066762490085,2026-10-05 00:55:39.166375+00:00,46.81768005165616,3.919100827731641
610,STARLINK-35489,65857,2,2026-10-06 01:24:00.741888+00:00,71.71026771846775,2026-10-06 01:23:53.655411+00:00,46.84092765598092,7.661959364384926
611,STARLINK-37877,69335,6,2026-10-03 11:57:20.741888+00:00,47.06351000119972,2026-10-03 11:57:20.432302+00:00,46.842085953830434,14.728970553165492
612,STARLINK-3544,51803,2,2026-10-05 20:55:40.741888+00:00,46.857056401867,2026-10-05 20:55:42.364101+00:00,46.84396773660476,0.678871826006149
613,BRO-5,51061,16,2026-10-03 19:12:40.741888+00:00,78.61329236343511,2026-10-03 19:12:45.369386+00:00,46.862232620604914,13.64010080135649
614,STARLINK-36245,68328,2,2026-10-03 08:27:20.741888+00:00,48.98591082502997,2026-10-03 08:27:14.941919+00:00,46.86304571710419,2.4583358099314094
615,STARLINK-2119,47397,4,2026-10-05 23:14:20.741888+00:00,59.48697256242458,2026-10-05 23:14:13.049593+00:00,46.87750979245676,4.761231441268418
616,STARLINK-35346,66179,2,2026-10-04 14:26:40.741888+00:00,86.64713014293517,2026-10-04 14:26:47.453744+00:00,46.89036956814157,10.855861561647247
617,STARLINK-34500,64613,2,2026-10-05 22:22:20.741888+00:00,48.51772579221115,2026-10-05 22:22:23.993995+00:00,46.900255310451804,3.8193584834780685
618,STARLINK-3860,52477,2,2026-10-04 03:07:20.741888+00:00,49.73195294089463,2026-10-04 03:07:23.521202+00:00,46.91460729143878,5.9367205699209125
619,STARLINK-4160,53030,2,2026-10-05 01:38:00.741888+00:00,47.6651237668186,2026-10-05 01:38:01.728522+00:00,46.92043327234243,8.506239167042779
620,STARLINK-3548,51864,2,2026-10-04 16:59:20.741888+00:00,50.966449862131874,2026-10-04 16:59:10.796322+00:00,46.93999443937696,1.9950553646590898
621,STARLINK-3703,52101,2,2026-10-04 14:02:00.741888+00:00,72.56696074759971,2026-10-04 14:02:06.819375+00:00,46.94519094187913,9.104979941098716
622,STARLINK-32009,60104,2,2026-10-03 23:58:00.741888+00:00,47.49682861205506,2026-10-03 23:57:58.051892+00:00,46.967372240769315,2.6280518181616426
623,STARLINK-30560,58038,2,2026-10-03 20:56:20.741888+00:00,47.92350919337092,2026-10-03 20:56:19.293528+00:00,46.991705232207025,6.492771953621565
624,STARLINK-2285,48019,2,2026-10-03 15:21:00.741888+00:00,48.458383822909056,2026-10-03 15:21:02.571159+00:00,46.99987698704754,6.449962337975137
625,STARLINK-37882,69954,1,2026-10-03 06:25:20.741888+00:00,49.910292851667045,2026-10-03 06:25:19.304410+00:00,47.00230526935422,11.678266079843807
626,STARLINK-32285,60355,2,2026-10-03 16:54:00.741888+00:00,48.50492464768298,2026-10-03 16:54:02.624233+00:00,47.0034033159178,6.361708538239128
627,STARLINK-35686,66407,3,2026-10-04 10:29:00.741888+00:00,80.9870561846024,2026-10-04 10:29:06.294367+00:00,47.012970086522394,11.876459435695244
628,STARLINK-5122,54179,2,2026-10-03 22:21:40.741888+00:00,47.11827291861806,2026-10-03 22:21:37.563124+00:00,47.02311710062047,0.9386323327310269
629,STARLINK-4148,53293,3,2026-10-05 18:55:40.741888+00:00,113.79211676303927,2026-10-05 18:55:49.288362+00:00,47.043736020965426,12.123407547323376
630,STARLINK-34371,64756,2,2026-10-05 07:29:00.741888+00:00,98.57715218139079,2026-10-05 07:28:52.775012+00:00,47.06973644673934,10.871630117169218
631,STARLINK-37922,69971,3,2026-10-05 07:12:20.741888+00:00,48.34832200122616,2026-10-05 07:12:21.683408+00:00,47.0821103699458,11.675185990610139
632,STARLINK-36323,68259,2,2026-10-04 16:52:00.741888+00:00,90.72607823903132,2026-10-04 16:52:10.434466+00:00,47.08587316845327,8.000883615574935
633,STARLINK-32228,60445,2,2026-10-03 18:13:20.741888+00:00,55.57437650817851,2026-10-03 18:13:23.224895+00:00,47.09582197199168,11.882343661952902
634,STARLINK-5113,53988,3,2026-10-06 03:36:00.741888+00:00,47.231152329576105,2026-10-06 03:36:01.062039+00:00,47.097505485585685,11.090332495073588
635,STARLINK-35855,66891,2,2026-10-03 16:11:00.741888+00:00,48.493793422266315,2026-10-03 16:10:51.068421+00:00,47.09985785502209,1.1910986906153942
636,STARLINK-36720,67655,6,2026-10-05 04:19:20.741888+00:00,47.465033072324154,2026-10-05 04:19:20.346475+00:00,47.110544111731215,14.643238081951512
637,STARLINK-34321,64267,2,2026-10-03 10:10:00.741888+00:00,49.70296086898469,2026-10-03 10:10:02.431112+00:00,47.12898313406003,9.345744118359404
638,STARLINK-37467,68855,6,2026-10-04 14:12:40.741888+00:00,93.25445552959488,2026-10-04 14:12:35.266036+00:00,47.129436131291946,14.69511934539157
639,STARLINK-32853,62818,2,2026-10-03 22:19:20.741888+00:00,58.319482555966744,2026-10-03 22:19:15.331783+00:00,47.137812812337074,6.346873205425662
640,STARLINK-3308,50846,2,2026-10-05 04:14:00.741888+00:00,70.27112293960344,2026-10-05 04:14:05.047992+00:00,47.14806291856525,12.100460237799208
641,BRO-5,51061,15,2026-10-03 18:26:20.741888+00:00,62.89814761881977,2026-10-03 18:26:17.693670+00:00,47.152220739643894,13.656449734972876
642,STARLINK-4328,53071,2,2026-10-05 02:32:20.741888+00:00,48.541531627163316,2026-10-05 02:32:18.963520+00:00,47.153268620249875,6.480846238108988
643,STARLINK-4060,53267,3,2026-10-03 12:47:40.741888+00:00,64.41361047866118,2026-10-03 12:47:44.420224+00:00,47.1634740517713,11.926852773960809
644,STARLINK-35310,66183,2,2026-10-04 09:01:40.741888+00:00,82.47794851897993,2026-10-04 09:01:34.509415+00:00,47.19354587608118,10.852940811821549
645,STARLINK-37652,69354,2,2026-10-03 09:58:00.741888+00:00,48.45815238430233,2026-10-03 09:58:03.242296+00:00,47.20688287399737,4.3751414602087175
646,STARLINK-37067,68086,3,2026-10-03 20:24:20.741888+00:00,127.92181862177215,2026-10-03 20:24:30.652788+00:00,47.215451778227134,11.99588783653068
647,STARLINK-37368,69253,2,2026-10-04 18:30:40.741888+00:00,56.74200664359102,2026-10-04 18:30:31.039005+00:00,47.21606202351075,3.2424850757883634
648,STARLINK-32573,61725,2,2026-10-05 07:03:20.741888+00:00,61.21029000780691,2026-10-05 07:03:16.179244+00:00,47.24385613579118,8.529775508335993
649,STARLINK-2134,47407,2,2026-10-05 06:56:40.741888+00:00,50.58175513805236,2026-10-05 06:56:34.443907+00:00,47.25813590398027,2.8625216314150417
650,STARLINK-37162,68262,2,2026-10-03 20:47:20.741888+00:00,67.1787002005046,2026-10-03 20:47:12.174053+00:00,47.26283410362112,5.571715973877881
651,STARLINK-5981,56325,5,2026-10-05 07:54:40.741888+00:00,131.32420409925447,2026-10-05 07:54:49.197750+00:00,47.3093942074884,14.487796436860625
652,STARLINK-36264,68307,2,2026-10-05 13:58:20.741888+00:00,49.445234918405596,2026-10-05 13:58:19.269644+00:00,47.31771927239292,9.745418081330183
653,STARLINK-32406,61545,1,2026-10-03 08:12:00.741888+00:00,47.355858108065554,2026-10-03 08:11:58.326855+00:00,47.35216443902259,0.2330961529694978
654,STARLINK-35128,65628,2,2026-10-03 16:53:40.741888+00:00,48.04251840302388,2026-10-03 16:53:39.532142+00:00,47.35569214284653,6.6909647223579265
655,YAOGAN-36 01C,53947,5,2026-10-03 22:41:00.741888+00:00,103.60710803358825,2026-10-03 22:41:10.208956+00:00,47.37783229886335,9.732939426335802
656,STARLINK-34333,64264,2,2026-10-04 02:25:40.741888+00:00,66.52465825435021,2026-10-04 02:25:45.724856+00:00,47.399212966795425,9.367401238682177
657,POLYTECH UNIVERSE-4,61747,17,2026-10-05 07:30:20.741888+00:00,48.4574194504302,2026-10-05 07:30:22.113864+00:00,47.40129506657036,7.3340060369886935
658,STARLINK-33890,65332,2,2026-10-03 13:33:20.741888+00:00,79.28092317027695,2026-10-03 13:33:15.448768+00:00,47.42374056726537,12.00282541080215
659,STARLINK-35846,66367,2,2026-10-03 20:36:20.741888+00:00,116.8294851981043,2026-10-03 20:36:11.343919+00:00,47.43012793543742,11.360788790479923
660,STARLINK-35798,66292,3,2026-10-05 18:55:00.741888+00:00,47.462645822322834,2026-10-05 18:55:00.862737+00:00,47.4400329556994,12.121786886579963
661,GAOFEN-11 01,43585,3,2026-10-03 07:33:00.741888+00:00,48.00282887835243,2026-10-03 07:33:01.258803+00:00,47.4469774447605,14.091152116892655
662,STARLINK-32114,60287,2,2026-10-03 15:28:40.741888+00:00,61.7136425463226,2026-10-03 15:28:49.814157+00:00,47.46632166480769,4.346771708317204
663,STARLINK-34933,65253,5,2026-10-06 00:32:20.741888+00:00,60.870788361128234,2026-10-06 00:32:18.097338+00:00,47.475246693711256,14.405608518406277
664,STARLINK-37802,69318,6,2026-10-04 09:39:00.741888+00:00,60.32135816898407,2026-10-04 09:38:58.217870+00:00,47.50674060813752,14.727275944420043
665,STARLINK-35147,65637,2,2026-10-03 22:19:00.741888+00:00,71.33363982540243,2026-10-03 22:18:52.780927+00:00,47.533791482076325,6.680874498986935
666,STARLINK-36703,67650,6,2026-10-04 03:29:40.741888+00:00,153.0578744991214,2026-10-04 03:29:50.636523+00:00,47.541141737063995,14.703813446352328
667,STARLINK-6034,56324,5,2026-10-04 21:51:00.741888+00:00,62.903821675543185,2026-10-04 21:51:03.585827+00:00,47.55089020869921,14.479795461153719
668,STARLINK-33868,63703,2,2026-10-03 08:57:00.741888+00:00,56.37687968273743,2026-10-03 08:57:03.319969+00:00,47.559763472107306,11.742163731571136
669,STARLINK-2420,47831,2,2026-10-03 15:13:00.741888+00:00,96.72154899619346,2026-10-03 15:12:53.024671+00:00,47.56342443096982,10.91300460520392
670,STARLINK-37402,69210,2,2026-10-04 05:16:40.741888+00:00,53.67197027812606,2026-10-04 05:16:37.221486+00:00,47.5656505110949,7.062552600890643
671,STARLINK-32835,63051,2,2026-10-04 14:30:20.741888+00:00,73.2399965076981,2026-10-04 14:30:26.625488+00:00,47.57254327956943,9.46460072280416
672,STARLINK-37605,100055,2,2026-10-03 16:34:00.741888+00:00,112.20740665661228,2026-10-03 16:34:09.145787+00:00,47.57482064516409,12.092381754623384
673,STARLINK-32022,60149,2,2026-10-03 14:35:40.741888+00:00,47.809371814553906,2026-10-03 14:35:41.605596+00:00,47.58025237383643,5.412236091533925
674,STARLINK-34253,64685,2,2026-10-05 10:58:40.741888+00:00,60.30418594683864,2026-10-05 10:58:44.389459+00:00,47.58703042562174,10.15497255103988
675,STARLINK-31306,58876,2,2026-10-03 19:14:40.741888+00:00,47.60922897041239,2026-10-03 19:14:41.002645+00:00,47.58987249527768,5.205359603493128
676,STARLINK-35040,65480,2,2026-10-05 22:13:20.741888+00:00,106.83769114918739,2026-10-05 22:13:30.117335+00:00,47.60247022545113,10.201760500815757
677,STARLINK-37395,69148,2,2026-10-05 17:34:00.741888+00:00,86.26945158412893,2026-10-05 17:34:07.638126+00:00,47.61135918104844,10.431840838051755
678,JILIN-1 05,43023,3,2026-10-03 13:06:40.741888+00:00,48.41141866258625,2026-10-03 13:06:41.471714+00:00,47.62897560744805,11.877542992118267
679,STARLINK-4132,53252,2,2026-10-03 13:34:20.741888+00:00,90.80113743766823,2026-10-03 13:34:14.257293+00:00,47.642137191156,11.920244389959
680,STARLINK-32032,60077,2,2026-10-04 20:05:40.741888+00:00,48.23048105391474,2026-10-04 20:05:45.430639+00:00,47.664496116519395,1.5695479452689434
681,STARLINK-34573,64676,2,2026-10-03 21:02:00.741888+00:00,54.827672412941816,2026-10-03 21:02:03.428040+00:00,47.66931052592783,10.083811858028268
682,STARLINK-37407,69534,2,2026-10-05 08:31:20.741888+00:00,64.49438330279355,2026-10-05 08:31:29.983650+00:00,47.673080873210225,4.6996848393893345
683,STARLINK-35170,65532,4,2026-10-03 13:45:00.741888+00:00,143.22044976330966,2026-10-03 13:45:10.371685+00:00,47.67551728704336,14.024553397410239
684,STARLINK-34863,66190,2,2026-10-05 06:42:40.741888+00:00,89.43676728102693,2026-10-05 06:42:33.742633+00:00,47.67721874111744,10.810893852416003
685,STARLINK-3344,51110,2,2026-10-03 20:46:40.741888+00:00,54.993699414801576,2026-10-03 20:46:45.322284+00:00,47.70520494215807,5.972655141874298
686,STARLINK-35519,65919,3,2026-10-04 05:40:00.741888+00:00,48.477098773545016,2026-10-04 05:40:01.466920+00:00,47.71642317866225,11.797973949697043
687,STARLINK-32426,61681,2,2026-10-05 18:39:00.741888+00:00,87.17948828044399,2026-10-05 18:39:09.966570+00:00,47.71961392408987,7.909119891947726
688,STARLINK-35195,65606,3,2026-10-05 12:14:20.741888+00:00,66.25764909154204,2026-10-05 12:14:24.088639+00:00,47.73627519241995,13.72936097245395
689,STARLINK-31097,58718,3,2026-10-04 18:16:40.741888+00:00,65.48768357903431,2026-10-04 18:16:44.665174+00:00,47.755198209909736,11.421760966903534
690,STARLINK-35236,66008,2,2026-10-05 22:32:40.741888+00:00,56.716903211741034,2026-10-05 22:32:37.214316+00:00,47.76194342014174,8.67078119862276
691,STARLINK-34235,64760,2,2026-10-04 02:49:20.741888+00:00,47.80564156827045,2026-10-04 02:49:20.896769+00:00,47.775228410610985,11.008018747034987
692,STARLINK-31390,58937,2,2026-10-03 16:07:40.741888+00:00,64.21125856149875,2026-10-03 16:07:47.710597+00:00,47.775398749231364,6.15603036905892
693,STARLINK-35216,65516,2,2026-10-04 08:19:00.741888+00:00,73.65733091917794,2026-10-04 08:18:54.748506+00:00,47.78990787315628,9.351825974249603
694,STARLINK-32221,60342,2,2026-10-05 20:56:40.741888+00:00,64.91844627400975,2026-10-05 20:56:47.470006+00:00,47.8124782127818,6.526514487696401
695,STARLINK-4667,53707,2,2026-10-05 00:31:20.741888+00:00,63.68924316257078,2026-10-05 00:31:24.692338+00:00,47.81620900917377,10.64933977462413
696,STARLINK-32151,60299,2,2026-10-05 20:50:40.741888+00:00,47.86011808745253,2026-10-05 20:50:41.921177+00:00,47.82940566174094,1.4518088300494343
697,STARLINK-5535,56356,5,2026-10-05 21:07:00.741888+00:00,76.02854815709367,2026-10-05 21:07:04.792675+00:00,47.834472702677104,14.588355140001223
698,STARLINK-4146,53294,3,2026-10-05 18:56:00.741888+00:00,61.28633268014049,2026-10-05 18:56:03.901588+00:00,47.84110591955638,12.12274590367546
699,STARLINK-37383,69379,2,2026-10-03 06:52:00.741888+00:00,56.784054015053634,2026-10-03 06:52:07.612622+00:00,47.847537203440325,4.449955609332525
700,STARLINK-34421,64459,2,2026-10-05 19:25:00.741888+00:00,51.83357943795829,2026-10-05 19:24:58.045461+00:00,47.85619696651514,7.384451736537742
701,STARLINK-4524,53396,2,2026-10-05 14:54:40.741888+00:00,117.36701052131853,2026-10-05 14:54:50.215675+00:00,47.861546943734126,11.31181603273021
702,STARLINK-34427,64498,2,2026-10-05 16:22:40.741888+00:00,49.27357787755385,2026-10-05 16:22:41.957178+00:00,47.865715496501075,9.622516158345348
703,STARLINK-34345,64153,4,2026-10-06 02:07:40.741888+00:00,75.20475248275972,2026-10-06 02:07:44.834031+00:00,47.86851944305579,14.174173740813757
704,STARLINK-31380,58979,2,2026-10-05 13:01:00.741888+00:00,52.85118349363257,2026-10-05 13:00:57.701118+00:00,47.88346964773806,7.356369032029006
705,STARLINK-2402,47819,2,2026-10-04 20:38:20.741888+00:00,73.51185834119038,2026-10-04 20:38:25.867664+00:00,47.888886494617665,10.880768200523917
706,STARLINK-37069,68158,6,2026-10-03 14:59:20.741888+00:00,69.02108200829232,2026-10-03 14:59:17.362402+00:00,47.906827723082685,14.70255280766999
707,STARLINK-37058,68195,2,2026-10-04 02:53:00.741888+00:00,90.76006271651504,2026-10-04 02:52:52.835576+00:00,47.92589647598485,9.74834403576441
708,GEISAT PRECURSOR,56934,2,2026-10-05 15:35:00.741888+00:00,60.615070838912196,2026-10-05 15:35:05.237192+00:00,47.93004552699423,8.254331527201309
709,STARLINK-32897,62967,2,2026-10-04 07:26:20.741888+00:00,78.54504136063044,2026-10-04 07:26:15.299576+00:00,47.953536480680526,11.430211942230018
710,STARLINK-37522,69446,2,2026-10-06 04:36:20.741888+00:00,47.99086284352511,2026-10-06 04:36:20.014567+00:00,47.96995887427506,1.945877397000256
711,STARLINK-37765,69337,6,2026-10-04 05:01:20.741888+00:00,150.19836225954649,2026-10-04 05:01:30.411176+00:00,48.0104069318093,14.718756051053134
712,STARLINK-31246,58835,3,2026-10-04 19:44:40.741888+00:00,51.36859710818362,2026-10-04 19:44:39.226387+00:00,48.01898874389179,12.039256973717064
713,STARLINK-36642,67659,7,2026-10-03 19:44:20.741888+00:00,139.91721478023914,2026-10-03 19:44:29.672110+00:00,48.03811768911496,14.715552418251445
714,STARLINK-31333,58971,2,2026-10-05 20:44:20.741888+00:00,91.51405466850791,2026-10-05 20:44:11.386538+00:00,48.05321666000152,8.324764241921006
715,STARLINK-4059,53250,3,2026-10-03 23:38:20.741888+00:00,104.56379555417311,2026-10-03 23:38:12.954124+00:00,48.05501900275243,11.924697483790355
716,STARLINK-36780,67866,3,2026-10-05 06:35:00.741888+00:00,48.42844608191207,2026-10-05 06:35:01.233703+00:00,48.065064645867515,12.039888389724219
717,STARLINK-32363,61678,2,2026-10-05 13:13:40.741888+00:00,87.31269309481912,2026-10-05 13:13:31.087033+00:00,48.0717895424864,7.549174320787265
718,STARLINK-36769,67871,2,2026-10-04 03:29:00.741888+00:00,77.19301548116047,2026-10-04 03:28:55.726875+00:00,48.096932240448645,12.03931129770512
719,STARLINK-5997,56327,5,2026-10-05 23:25:20.741888+00:00,127.89948787706454,2026-10-05 23:25:28.879078+00:00,48.10617388891422,14.5637184639344
720,STARLINK-5245,54168,2,2026-10-05 22:22:20.741888+00:00,48.815231917874975,2026-10-05 22:22:28.574643+00:00,48.11889911539932,1.0462784237964509
721,STARLINK-2636,48357,2,2026-10-04 06:56:20.741888+00:00,48.83965834081089,2026-10-04 06:56:26.740660+00:00,48.144736867879196,1.3666130573238693
722,STARLINK-2555,48291,2,2026-10-03 18:37:00.741888+00:00,80.06425307215339,2026-10-03 18:37:10.336806+00:00,48.16281023663608,6.665530381757959
723,STARLINK-35373,65792,2,2026-10-05 21:23:00.741888+00:00,48.205640241330414,2026-10-05 21:23:01.030335+00:00,48.16858210843356,6.551467787052844
724,STARLINK-30764,58170,3,2026-10-03 14:22:20.741888+00:00,53.846961180258965,2026-10-03 14:22:18.698026+00:00,48.20528249279272,11.739679688916251
725,STARLINK-33585,62782,2,2026-10-04 17:42:20.741888+00:00,53.82912880171761,2026-10-04 17:42:15.941264+00:00,48.20947745321892,4.987683078037826
726,STARLINK-30437,58036,2,2026-10-04 03:55:00.741888+00:00,74.82773571164083,2026-10-04 03:54:52.351029+00:00,48.2166695535435,6.819244610359747
727,STARLINK-37721,100220,4,2026-10-04 22:14:20.741888+00:00,120.2439413289087,2026-10-04 22:14:13.021755+00:00,48.218251271990674,14.2682767004121
728,TEVEL2-2,63219,3,2026-10-05 15:20:20.741888+00:00,75.58542902643775,2026-10-05 15:20:14.339695+00:00,48.22044747441786,9.091623903620382
729,STARLINK-2474,48132,2,2026-10-03 19:36:40.741888+00:00,54.90213286158359,2026-10-03 19:36:42.954327+00:00,48.22406790654981,11.861254946422093
730,STARLINK-5540,56340,4,2026-10-03 09:24:20.741888+00:00,142.72200025510617,2026-10-03 09:24:30.152418+00:00,48.228325083577914,14.274135315065127
731,AIST-2T 2,67254,3,2026-10-05 18:29:20.741888+00:00,77.59976514049131,2026-10-05 18:29:25.434453+00:00,48.22913589437462,12.954906983810714
732,STARLINK-2417,48096,2,2026-10-03 23:28:40.741888+00:00,95.60267610053864,2026-10-03 23:28:33.762019+00:00,48.233929013906,11.825768304554348
733,STARLINK-4307,53063,2,2026-10-04 08:42:20.741888+00:00,56.58827114501814,2026-10-04 08:42:25.148262+00:00,48.23969756289758,6.713302151515005
734,STARLINK-3830,52363,3,2026-10-05 08:10:20.741888+00:00,111.49398087451742,2026-10-05 08:10:29.247209+00:00,48.27306627380385,11.81631837468755
735,STARLINK-2017,47351,2,2026-10-03 17:34:00.741888+00:00,48.29686932524115,2026-10-03 17:33:55.906960+00:00,48.27616895938934,0.2845291830602557
736,STARLINK-4388,53651,2,2026-10-04 13:44:20.741888+00:00,90.44951044075033,2026-10-04 13:44:30.136375+00:00,48.312705998203654,8.139341297792448
737,STARLINK-37480,100287,2,2026-10-04 07:01:00.741888+00:00,81.58116582254934,2026-10-04 07:01:09.834342+00:00,48.31285832881176,7.229832230991853
738,STARLINK-5097,53995,2,2026-10-04 13:39:20.741888+00:00,69.00083904806071,2026-10-04 13:39:25.180518+00:00,48.32020440290025,11.097204530883706
739,STARLINK-35809,66373,2,2026-10-05 05:07:20.741888+00:00,99.9186574806493,2026-10-05 05:07:13.075583+00:00,48.35157777101024,11.405769994693298
740,PROVES-ELECTRA,69795,2,2026-10-04 16:12:40.741888+00:00,48.35644901087257,2026-10-04 16:12:40.766263+00:00,48.356448072932814,0.39545121580126347
741,STARLINK-4510,53405,3,2026-10-03 21:52:20.741888+00:00,49.04654891297293,2026-10-03 21:52:21.468755+00:00,48.35770077437382,11.26910040574429
742,STARLINK-4201,52856,2,2026-10-04 02:18:20.741888+00:00,48.55588107351223,2026-10-04 02:18:21.958910+00:00,48.370269464586016,3.4846644083807234
743,STARLINK-37845,100030,3,2026-10-04 08:50:00.741888+00:00,116.73993094847553,2026-10-04 08:49:51.962632+00:00,48.3930352360272,12.100938770397587
744,STARLINK-37294,68559,2,2026-10-04 07:43:20.741888+00:00,48.40813252133573,2026-10-04 07:43:21.376114+00:00,48.40229379401537,1.1833272176282126
745,FOSSASAT-2E20 (TAT-O),63003,3,2026-10-05 23:07:40.741888+00:00,122.79198255025113,2026-10-05 23:07:49.406484+00:00,48.41924084031268,13.023390593626395
746,STARLINK-34973,65250,5,2026-10-05 09:01:40.741888+00:00,60.98707425849502,2026-10-05 09:01:38.184089+00:00,48.4263673380442,14.493478973144738
747,STARLINK-37891,69948,3,2026-10-04 14:56:40.741888+00:00,50.8895120396867,2026-10-04 14:56:42.080323+00:00,48.4268443064905,11.684512934365568
748,FENGYUN 3G,56232,3,2026-10-05 00:00:40.741888+00:00,49.20369702644435,2026-10-05 00:00:37.122330+00:00,48.443371510354595,2.3806618088800384
749,STARLINK-35441,65869,2,2026-10-05 14:33:20.741888+00:00,81.1315572692859,2026-10-05 14:33:29.228534+00:00,48.44945201748917,7.667917453907966
750,STARLINK-32445,61546,1,2026-10-06 03:28:00.741888+00:00,48.46182516475438,2026-10-06 03:27:58.317818+00:00,48.45914620858166,0.2097654733824654
751,STARLINK-37670,69530,2,2026-10-04 05:25:20.741888+00:00,48.53567215091514,2026-10-04 05:25:20.241948+00:00,48.48068500501586,4.619627539758199
752,2024-085D,59680,3,2026-10-06 04:33:20.741888+00:00,126.40238987072202,2026-10-06 04:33:29.795707+00:00,48.48299522121062,12.89356538589578
753,STARLINK-34418,64461,2,2026-10-06 05:29:20.741888+00:00,84.42490209587906,2026-10-06 05:29:11.623700+00:00,48.50604817411892,7.578137427324261
754,STARLINK-34167,64228,2,2026-10-04 10:48:20.741888+00:00,51.105910778215,2026-10-04 10:48:26.769646+00:00,48.50686035000985,2.6684468758452526
755,STARLINK-32226,60426,3,2026-10-05 13:35:40.741888+00:00,51.16305749800562,2026-10-05 13:35:39.369145+00:00,48.51778708209043,11.828986961746768
756,STARLINK-35652,66393,2,2026-10-04 10:29:20.741888+00:00,123.47228055941446,2026-10-04 10:29:30.338754+00:00,48.566658958074555,11.828828567793026
757,STARLINK-34413,64616,2,2026-10-05 16:57:20.741888+00:00,61.757717786273666,2026-10-05 16:57:10.779309+00:00,48.57327512804807,3.82811514921034
758,STARLINK-35949,66630,2,2026-10-04 07:08:00.741888+00:00,90.09286091239298,2026-10-04 07:07:53.695196+00:00,48.578490266738065,10.767262852990353
759,STARLINK-1281,45370,7,2026-10-03 15:42:20.741888+00:00,77.16011212958253,2026-10-03 15:42:25.892345+00:00,48.58721064157132,11.638253822380852
760,STARLINK-37253,68606,2,2026-10-04 12:42:20.741888+00:00,57.39484467636089,2026-10-04 12:42:25.882665+00:00,48.588271761372944,5.942492381556229
761,STARLINK-36797,67815,2,2026-10-05 11:54:00.741888+00:00,50.73969065441477,2026-10-05 11:54:03.160655+00:00,48.59704389338147,6.031295817833752
762,STARLINK-37781,69341,6,2026-10-05 15:09:40.741888+00:00,109.08692930716118,2026-10-05 15:09:47.409571+00:00,48.6044515498993,14.64683154930823
763,STARLINK-6033,56322,5,2026-10-04 10:12:20.741888+00:00,100.41101338867792,2026-10-04 10:12:14.624119+00:00,48.60866561012238,14.361536168141825
764,STARLINK-33710,63434,2,2026-10-03 10:13:20.741888+00:00,75.53099416075524,2026-10-03 10:13:15.315581+00:00,48.61570006098663,10.652670231652511
765,STARLINK-37763,69217,5,2026-10-03 19:36:40.741888+00:00,91.4838614427115,2026-10-03 19:36:46.020916+00:00,48.61743930140624,14.67991322411197
766,STARLINK-4084,52657,2,2026-10-04 15:45:40.741888+00:00,56.711042632143894,2026-10-04 15:45:38.300346+00:00,48.62225089933429,11.95508901962504
767,STARLINK-2481,48138,2,2026-10-04 15:44:40.741888+00:00,50.049502118729436,2026-10-04 15:44:41.738788+00:00,48.63138322290206,11.866227967156565
768,STARLINK-37927,69556,6,2026-10-06 02:01:00.741888+00:00,68.30521956965458,2026-10-06 02:00:57.462998+00:00,48.6472405393937,14.62325242802246
769,STARLINK-3718,52132,2,2026-10-03 07:02:00.741888+00:00,52.68985267762702,2026-10-03 07:01:58.217632+00:00,48.67464897631766,7.99189777067741
770,STARLINK-35550,66267,2,2026-10-05 08:04:40.741888+00:00,94.31517013210164,2026-10-05 08:04:34.077603+00:00,48.677852419926815,12.12165431855484
771,STARLINK-3629,51774,2,2026-10-05 15:30:20.741888+00:00,49.160429188386,2026-10-05 15:30:30.642711+00:00,48.68564802620289,0.6863507763019824
772,STARLINK-4660,53609,2,2026-10-03 11:22:20.741888+00:00,75.51036024614056,2026-10-03 11:22:15.168024+00:00,48.687106212452385,10.354957548291917
773,STARLINK-32278,60356,2,2026-10-06 02:58:40.741888+00:00,48.689980828295425,2026-10-06 02:58:40.731580+00:00,48.68993987958102,6.125531713642282
774,TIANMU-1 08,57400,4,2026-10-03 10:33:20.741888+00:00,148.60255359742365,2026-10-03 10:33:11.087216+00:00,48.714337324454235,14.541325241398892
775,ALICE,39467,1,2026-10-04 14:42:20.741888+00:00,61.61180230120013,2026-10-04 14:42:18.058597+00:00,48.72214697048237,14.054371435777119
776,STARLINK-37011,68217,2,2026-10-03 22:57:00.741888+00:00,58.00905818272721,2026-10-03 22:56:56.125347+00:00,48.7569856168208,6.807752279475917
777,STARLINK-35190,65663,5,2026-10-03 15:09:00.741888+00:00,79.56261596413717,2026-10-03 15:09:05.033515+00:00,48.75971338069236,14.649495941239323
778,STARLINK-35659,66385,3,2026-10-04 21:19:40.741888+00:00,97.57783968706546,2026-10-04 21:19:33.624302+00:00,48.7659431650011,11.874474473879124
779,STARLINK-3902,52487,2,2026-10-05 21:42:40.741888+00:00,51.504560791999694,2026-10-05 21:42:37.977674+00:00,48.7701608597771,5.990181152866713
780,STARLINK-2061,48312,2,2026-10-05 18:38:40.741888+00:00,71.84764544884176,2026-10-05 18:38:47.662515+00:00,48.796673542778976,7.619671318218723
781,STARLINK-35313,65758,2,2026-10-05 17:43:20.741888+00:00,54.23616618635474,2026-10-05 17:43:26.663990+00:00,48.79978579608366,3.995804813959817
782,STARLINK-37531,69136,2,2026-10-06 05:00:40.741888+00:00,56.375868631074525,2026-10-06 05:00:45.490488+00:00,48.80589805887696,5.941936458760754
783,STARLINK-38069,69761,2,2026-10-04 09:36:40.741888+00:00,53.18155580572654,2026-10-04 09:36:37.189004+00:00,48.81121978910036,5.942043814701608
784,STARLINK-37415,100035,3,2026-10-05 17:21:20.741888+00:00,50.07954257101885,2026-10-05 17:21:19.822577+00:00,48.827128827227924,12.106525642579788
785,STARLINK-2315,47789,2,2026-10-04 11:20:20.741888+00:00,57.410287652255384,2026-10-04 11:20:18.014712+00:00,48.85961858021309,11.05310858541443
786,STARLINK-36324,68091,3,2026-10-04 01:50:00.741888+00:00,65.09625531080015,2026-10-04 01:50:04.323508+00:00,48.866002866431906,12.007729290779949
787,STARLINK-32779,63030,2,2026-10-03 16:03:20.741888+00:00,92.76846081874676,2026-10-03 16:03:12.329286+00:00,48.867767438247476,9.37316805114283
788,STARLINK-37791,69336,7,2026-10-03 21:16:00.741888+00:00,128.0486684166364,2026-10-03 21:16:08.779018+00:00,48.88577126657212,14.725421672654754
789,STARLINK-36266,67984,1,2026-10-03 06:22:20.741888+00:00,81.5897489293791,2026-10-03 06:22:25.234783+00:00,48.88865932079246,14.538519165624718
790,STARLINK-37967,100479,2,2026-10-04 03:53:40.741888+00:00,50.60054552981351,2026-10-04 03:53:42.998004+00:00,48.890246879367126,5.7816786229762345
791,2024-199AU,61777,17,2026-10-04 10:34:20.741888+00:00,60.27460894365897,2026-10-04 10:34:25.795839+00:00,48.89757551132396,6.97356901689968
792,STARLINK-36802,67985,5,2026-10-04 02:32:40.741888+00:00,54.616106583409724,2026-10-04 02:32:39.083562+00:00,48.92798436248359,14.634277434960334
793,STARLINK-37520,69819,2,2026-10-04 20:21:40.741888+00:00,110.78185728774875,2026-10-04 20:21:32.192974+00:00,48.94222746385699,11.625442795618453
794,STARLINK-3760,52298,2,2026-10-03 15:36:00.741888+00:00,55.662253827463445,2026-10-03 15:36:03.467881+00:00,48.94910634777811,9.721217563379223
795,STARLINK-2565,48280,2,2026-10-05 15:34:20.741888+00:00,62.702851165655375,2026-10-05 15:34:25.288017+00:00,48.95488420901281,8.618013552652403
796,STARLINK-32381,61066,2,2026-10-03 07:48:20.741888+00:00,60.85245269395198,2026-10-03 07:48:16.131178+00:00,48.971192174551845,7.834347253492951
797,STARLINK-34855,65416,2,2026-10-06 03:35:00.741888+00:00,109.08039893084421,2026-10-06 03:35:09.387291+00:00,48.979110131053005,11.273696530333513
798,STARLINK-2371,47911,2,2026-10-04 04:28:00.741888+00:00,55.60195859439196,2026-10-04 04:27:57.679215+00:00,48.99980685169403,8.580170535820818
799,STARLINK-35679,66408,2,2026-10-03 23:38:40.741888+00:00,57.20955844511115,2026-10-03 23:38:38.256290+00:00,49.00237004130556,11.878070929291209
800,STARLINK-36843,67856,2,2026-10-06 01:56:40.741888+00:00,63.87103362253009,2026-10-06 01:56:44.145277+00:00,49.04153621685157,12.023104196264871
801,STARLINK-2452,48115,2,2026-10-03 19:34:20.741888+00:00,88.4576046169059,2026-10-03 19:34:14.347218+00:00,49.0603392387339,11.510359415651811
802,STARLINK-35206,65614,1,2026-10-03 05:58:40.741888+00:00,144.481717992959,2026-10-03 05:58:50.298382+00:00,49.07820314058846,14.219865910928679
803,STARLINK-32164,60271,2,2026-10-04 12:23:00.741888+00:00,53.87920977501821,2026-10-04 12:23:05.940248+00:00,49.08489425469575,4.273514796629989
804,STARLINK-36369,67723,4,2026-10-04 19:08:20.741888+00:00,74.29281217886096,2026-10-04 19:08:24.650617+00:00,49.09481100364166,14.265294301766488
805,LYNK TOWER 6,59123,2,2026-10-06 05:31:00.741888+00:00,71.62814331327743,2026-10-06 05:30:54.533590+00:00,49.09625811430063,8.400591323831039
806,GLOBAL-31,63027,2,2026-10-04 17:55:40.741888+00:00,63.48575645730214,2026-10-04 17:55:44.510444+00:00,49.156041786463014,10.660939887269848
807,STARLINK-37496,69297,6,2026-10-05 02:43:00.741888+00:00,96.14433149727996,2026-10-05 02:43:06.358612+00:00,49.15980105889238,14.710658203327155
808,STARLINK-34788,65056,3,2026-10-03 16:52:20.741888+00:00,98.63382262358745,2026-10-03 16:52:14.551913+00:00,49.15995872007876,13.81421224599353
809,STARLINK-36641,67589,3,2026-10-05 02:56:40.741888+00:00,50.48641821072054,2026-10-05 02:56:41.570222+00:00,49.177514496850435,13.788399640939414
810,STARLINK-34727,65025,2,2026-10-05 03:43:00.741888+00:00,50.86114555371756,2026-10-05 03:42:59.059841+00:00,49.18160011532616,7.706062209032304
811,STARLINK-3973,52645,2,2026-10-05 12:12:20.741888+00:00,59.65209464302726,2026-10-05 12:12:24.572142+00:00,49.20167488789261,8.80541683983816
812,STARLINK-34974,65221,3,2026-10-04 14:08:20.741888+00:00,77.97398812246873,2026-10-04 14:08:26.070641+00:00,49.221480435715,11.348689142432892
813,STARLINK-36625,67668,6,2026-10-03 10:25:40.741888+00:00,49.32064954871984,2026-10-03 10:25:40.943651+00:00,49.23108958874204,14.724605011763805
814,STARLINK-32039,60604,2,2026-10-04 02:58:20.741888+00:00,65.42098210054347,2026-10-04 02:58:13.766521+00:00,49.257555629344026,6.171856505967779
815,STARLINK-36536,69510,2,2026-10-06 00:47:00.741888+00:00,68.08022853344325,2026-10-06 00:47:10.696991+00:00,49.261495179922385,4.720202357068335
816,STARLINK-31373,58965,2,2026-10-05 23:51:20.741888+00:00,56.238135139512615,2026-10-05 23:51:24.429084+00:00,49.276930253515864,7.349948327375623
817,STARLINK-4095,53170,2,2026-10-04 16:35:40.741888+00:00,57.674341751822396,2026-10-04 16:35:43.213911+00:00,49.277213959453505,12.122687786662338
818,STARLINK-4002,52612,2,2026-10-05 17:40:20.741888+00:00,49.39041943548865,2026-10-05 17:40:20.262815+00:00,49.2813501313235,6.847283369399103
819,STARLINK-2145,48555,2,2026-10-03 19:33:00.741888+00:00,113.06882464952686,2026-10-03 19:33:09.747519+00:00,49.310546929517805,11.298405445482306
820,STARLINK-4675,53601,2,2026-10-04 22:13:40.741888+00:00,103.22307012751247,2026-10-04 22:13:49.827634+00:00,49.31499254074614,9.98068984906193
821,STARLINK-31351,58972,2,2026-10-03 18:25:40.741888+00:00,68.40865797005182,2026-10-03 18:25:47.157907+00:00,49.315849847207865,7.389213847200538
822,STARLINK-36391,67591,4,2026-10-03 16:50:20.741888+00:00,76.3827952435955,2026-10-03 16:50:16.606885+00:00,49.32640343233783,14.1039104431256
823,STARLINK-31260,58881,2,2026-10-03 13:49:20.741888+00:00,60.84088668557265,2026-10-03 13:49:27.568971+00:00,49.33187036767479,5.215638886308451
824,STARLINK-37875,69967,2,2026-10-03 11:50:40.741888+00:00,115.17060317437073,2026-10-03 11:50:31.821200+00:00,49.33884828169013,11.665886322262953
825,STARLINK-5538,56357,5,2026-10-05 05:36:20.741888+00:00,76.59038416364054,2026-10-05 05:36:24.776386+00:00,49.340789463999776,14.519549580974157
826,STARLINK-35000,65278,4,2026-10-04 03:36:40.741888+00:00,68.63572851644278,2026-10-04 03:36:44.040754+00:00,49.3443057686335,14.461675297349872
827,SARI-1,66668,3,2026-10-05 02:59:00.741888+00:00,64.232756322509,2026-10-05 02:58:57.651960+00:00,49.35135586082265,13.305382893274588
828,STARLINK-36306,68160,6,2026-10-05 01:07:40.741888+00:00,80.51149452455648,2026-10-05 01:07:36.423752+00:00,49.36455287728903,14.729006995193778
829,STARLINK-32181,60349,2,2026-10-03 20:56:00.741888+00:00,54.224039062933265,2026-10-03 20:55:57.109991+00:00,49.366436831116445,6.176071827935254
830,CYGFM08,41888,2,2026-10-04 07:09:40.741888+00:00,85.37246579265128,2026-10-04 07:09:32.831627+00:00,49.38127131458237,8.803724120276286
831,STARLINK-36313,68156,2,2026-10-03 07:14:00.741888+00:00,82.66464009625211,2026-10-03 07:13:56.228715+00:00,49.38987859153391,14.687551761207475
832,STARLINK-34456,64439,2,2026-10-04 21:44:00.741888+00:00,55.65855447075982,2026-10-04 21:44:04.212895+00:00,49.42694929545997,7.372271317945371
833,STARLINK-3956,52560,2,2026-10-03 07:09:00.741888+00:00,68.56594319191392,2026-10-03 07:08:56.465047+00:00,49.4297155111665,11.110555869455816
834,STARLINK-3938,52566,3,2026-10-05 03:18:40.741888+00:00,58.67148552373414,2026-10-05 03:18:43.497860+00:00,49.442273058843206,11.461577952802038
835,STARLINK-35057,65525,4,2026-10-04 09:54:20.741888+00:00,50.18297196686651,2026-10-04 09:54:20.129704+00:00,49.46307557577716,13.83503849125373
836,STARLINK-36294,68531,2,2026-10-04 12:32:00.741888+00:00,93.1499564552244,2026-10-04 12:31:53.112750+00:00,49.514962197884536,10.341869199094978
837,STARLINK-4333,53088,2,2026-10-03 17:58:20.741888+00:00,62.008369652856004,2026-10-03 17:58:26.101450+00:00,49.517985734245784,6.963476783502548
838,STARLINK-35103,65633,2,2026-10-05 01:25:00.741888+00:00,49.617079704195106,2026-10-05 01:25:01.200839+00:00,49.522519158005196,6.671174664745431
839,STARLINK-35822,66362,2,2026-10-03 09:45:40.741888+00:00,59.1810166602436,2026-10-03 09:45:43.592710+00:00,49.526669822338974,11.36355008397004
840,STARLINK-36349,67964,5,2026-10-04 13:23:40.741888+00:00,129.6349157539515,2026-10-04 13:23:48.914355+00:00,49.5508563888615,14.657899366795416
841,STARLINK-32825,62825,2,2026-10-04 09:09:40.741888+00:00,50.87952613457915,2026-10-04 09:09:42.561642+00:00,49.55400059910556,6.340074318731458
842,KUIPER-00032,63745,3,2026-10-05 09:12:40.741888+00:00,52.71106746775961,2026-10-05 09:12:34.799376+00:00,49.55573317351307,3.0233437844910913
843,STARLINK-36305,68189,2,2026-10-05 11:24:20.741888+00:00,59.07215496090964,2026-10-05 11:24:17.425451+00:00,49.56689834946754,9.689326619775148
844,STARLINK-3160,49454,3,2026-10-05 16:45:40.741888+00:00,110.55247679936372,2026-10-05 16:45:31.848035+00:00,49.5757577529353,11.110408217579236
845,STARLINK-3128,49441,3,2026-10-04 01:13:40.741888+00:00,61.55358609093147,2026-10-04 01:13:37.599437+00:00,49.57888711454817,11.608524893198298
846,STARLINK-3919,52580,2,2026-10-05 01:00:40.741888+00:00,91.16032284150177,2026-10-05 01:00:47.284345+00:00,49.61260847846071,11.689265401679352
847,STARLINK-4050,53274,2,2026-10-03 09:39:40.741888+00:00,119.56173778451748,2026-10-03 09:39:31.739868+00:00,49.61546882802641,12.084084200477587
848,STARLINK-34445,64457,2,2026-10-04 16:19:00.741888+00:00,82.14335397987163,2026-10-04 16:18:51.870077+00:00,49.61692270147915,7.378936862247612
849,STARLINK-4719,53774,2,2026-10-04 00:38:20.741888+00:00,50.748238436891675,2026-10-04 00:38:22.356010+00:00,49.61974068618765,6.593076778052946
850,STARLINK-37917,100034,3,2026-10-04 19:40:20.741888+00:00,53.90147163997797,2026-10-04 19:40:19.004158+00:00,49.62961646155261,12.101944266106894
851,TOMORROW-S2,60485,3,2026-10-03 08:23:00.741888+00:00,89.75310160849854,2026-10-03 08:22:55.190139+00:00,49.62988471490232,13.470031198824787
852,STARLINK-4017,52682,3,2026-10-05 00:17:00.741888+00:00,54.592950839651095,2026-10-05 00:17:02.632762+00:00,49.651038491797465,12.00346539056962
853,STARLINK-36169,66929,2,2026-10-05 06:56:00.741888+00:00,51.28869884871103,2026-10-05 06:56:08.866955+00:00,49.651897173886084,1.5804525062899946
854,STARLINK-37346,69149,2,2026-10-05 22:59:20.741888+00:00,78.91615208311731,2026-10-05 22:59:26.641766+00:00,49.6536517986711,10.39636446769259
855,STARLINK-36938,68124,3,2026-10-04 20:55:20.741888+00:00,139.47261931733584,2026-10-04 20:55:30.599418+00:00,49.65696317495818,13.221828000714348
856,STARLINK-36739,67802,2,2026-10-05 00:16:20.741888+00:00,75.79016926657482,2026-10-05 00:16:11.368631+00:00,49.663695352969846,6.107494223927073
857,STARLINK-3320,50839,2,2026-10-03 11:58:00.741888+00:00,69.53347780419305,2026-10-03 11:58:04.760246+00:00,49.69753426940738,12.102276879540586
858,STARLINK-35943,66927,2,2026-10-05 17:46:40.741888+00:00,50.569098597561876,2026-10-05 17:46:34.813716+00:00,49.7004828253459,1.5727412957745013
859,STARLINK-34610,65034,2,2026-10-05 08:22:00.741888+00:00,53.19092312909881,2026-10-05 08:21:58.226113+00:00,49.70426559731974,7.528573777884231
860,STARLINK-32150,60294,2,2026-10-04 00:46:20.741888+00:00,49.78040633783436,2026-10-04 00:46:21.349343+00:00,49.71008205895609,4.353783368963469
861,STARLINK-4507,53403,2,2026-10-03 08:42:00.741888+00:00,86.50939270643144,2026-10-03 08:42:07.087552+00:00,49.71364789815713,11.156821735632061
862,STARLINK-37996,100410,2,2026-10-03 14:51:40.741888+00:00,91.39767622200385,2026-10-03 14:51:33.459051+00:00,49.71960394695308,10.530357617122592
863,STARLINK-5992,56328,4,2026-10-05 12:35:00.741888+00:00,102.39574216181008,2026-10-05 12:35:06.885717+00:00,49.723619246655616,14.56938493091838
864,STARLINK-4655,53613,2,2026-10-04 19:53:40.741888+00:00,52.241042082118454,2026-10-04 19:53:39.194444+00:00,49.74624383423714,10.30775728448435
865,HAWK-11A,62382,2,2026-10-03 23:02:40.741888+00:00,63.213344661660095,2026-10-03 23:02:34.847126+00:00,49.748167067644424,6.615861102463559
866,STARLINK-3796,52372,2,2026-10-03 22:04:00.741888+00:00,91.22322911048799,2026-10-03 22:04:07.104724+00:00,49.75590476304434,12.016450203684078
867,STARLINK-3925,52498,2,2026-10-06 03:53:40.741888+00:00,50.24879923986296,2026-10-06 03:53:41.888543+00:00,49.86019143074073,5.439262479384875
868,STARLINK-32127,60146,2,2026-10-06 01:26:40.741888+00:00,59.36320736679595,2026-10-06 01:26:34.746238+00:00,49.86070697033998,5.372863557238883
869,STARLINK-5133,53980,2,2026-10-05 15:14:20.741888+00:00,111.65770406171842,2026-10-05 15:14:11.342828+00:00,49.865013280036955,10.629278633292902
870,STARLINK-4672,53592,3,2026-10-05 19:08:20.741888+00:00,65.97752803069595,2026-10-05 19:08:16.411806+00:00,49.913657480753336,9.96430411030549
871,STARLINK-37301,68954,2,2026-10-04 14:29:40.741888+00:00,51.546271235635395,2026-10-04 14:29:39.438524+00:00,49.92471252702563,9.841682294642586
872,STARLINK-34618,64770,2,2026-10-03 15:58:40.741888+00:00,105.48360774050894,2026-10-03 15:58:49.155804+00:00,49.938751987523865,11.042768787919734
873,STARLINK-32139,61510,2,2026-10-04 04:49:40.741888+00:00,66.86886087365379,2026-10-04 04:49:36.718801+00:00,49.956512097111464,11.048465539608255
874,STARLINK-4748,53823,2,2026-10-04 02:08:20.741888+00:00,90.74344906122995,2026-10-04 02:08:12.149508+00:00,49.96448038589599,8.815873853895392
875,STARLINK-37674,100278,2,2026-10-04 17:05:00.741888+00:00,70.86276639013091,2026-10-04 17:05:07.696226+00:00,49.97136980258573,7.2245236139913604
876,STARLINK-36867,67983,5,2026-10-03 14:07:40.741888+00:00,96.7495674280618,2026-10-03 14:07:46.426268+00:00,49.973365156654374,14.573885519134858
877,STARLINK-1555,46032,2,2026-10-05 21:49:40.741888+00:00,72.37962792760354,2026-10-05 21:49:35.675669+00:00,49.98594522027678,10.332343866147605
878,STARLINK-30529,58047,3,2026-10-04 00:15:40.741888+00:00,110.156061334707,2026-10-04 00:15:32.470064+00:00,49.99021257194939,11.866817427751556
